83110,WY
83112,WY
83118,WY
83128,WY
82050,WY
82620,WY
82711,WY
82831,WY
83111,WY
82321,WY
82322,WY
82410,WY
82712,WY
82833,WY
83113,WY
82922,WY
82923,WY
82834,WY
82840,WY
82411,WY
82053,WY
82412,WY
82054,WY
82601,WY
82602,WY
82604,WY
82605,WY
82609,WY
82615,WY
82630,WY
82638,WY
82646,WY
82055,WY
82001,WY
82002,WY
82003,WY
82005,WY
82006,WY
82007,WY
82008,WY
82009,WY
82010,WY
82052,WY
82059,WY
82210,WY
82835,WY
82414,WY
83114,WY
82925,WY
82420,WY
82512,WY
83115,WY
82836,WY
82421,WY
82714,WY
83116,WY
82323,WY
82633,WY
82513,WY
82635,WY
82324,WY
82422,WY
82325,WY
82930,WY
82931,WY
82636,WY
83119,WY
82932,WY
82933,WY
82212,WY
82514,WY
82423,WY
83120,WY
83121,WY
82716,WY
82717,WY
82718,WY
82731,WY
82732,WY
82213,WY
82637,WY
82934,WY
82935,WY
82938,WY
82426,WY
83122,WY
82214,WY
82327,WY
82215,WY
82217,WY
82060,WY
82061,WY
82515,WY
82720,WY
82218,WY
82428,WY
83001,WY
83002,WY
83025,WY
82219,WY
82639,WY
83011,WY
83101,WY
82516,WY
83123,WY
82221,WY
82222,WY
82520,WY
82051,WY
82063,WY
82070,WY
82071,WY
82072,WY
82073,WY
82837,WY
82640,WY
82223,WY
82929,WY
82224,WY
82229,WY
82431,WY
82225,WY
82937,WY
82642,WY
82432,WY
82227,WY
82329,WY
82433,WY
82081,WY
82643,WY
82644,WY
82721,WY
83012,WY
83013,WY
82936,WY
82939,WY
82701,WY
82715,WY
83124,WY
82723,WY
82434,WY
82838,WY
82523,WY
82082,WY
82941,WY
82648,WY
82435,WY
82440,WY
82839,WY
82844,WY
82301,WY
82310,WY
82335,WY
82725,WY
82943,WY
82501,WY
82510,WY
82944,WY
82058,WY
82083,WY
82901,WY
82902,WY
82942,WY
82727,WY
82524,WY
82331,WY
82332,WY
82441,WY
82801,WY
82649,WY
82334,WY
83126,WY
82832,WY
82842,WY
82710,WY
82729,WY
82945,WY
82442,WY
83127,WY
82430,WY
82443,WY
82084,WY
82240,WY
82730,WY
82242,WY
82243,WY
82336,WY
82450,WY
82201,WY
83014,WY
82401,WY
82845,WY
82190,WY
82244,WY
83414,WY
