49220,MI
49221,MI
49224,MI
48001,MI
49227,MI
48101,MI
48002,MI
48003,MI
48004,MI
48103,MI
48104,MI
48105,MI
48106,MI
48107,MI
48108,MI
48109,MI
48113,MI
48401,MI
48410,MI
48005,MI
48411,MI
48412,MI
48006,MI
48413,MI
48414,MI
48111,MI
48112,MI
48415,MI
48009,MI
48012,MI
49228,MI
48301,MI
48302,MI
48303,MI
48304,MI
48114,MI
48116,MI
49229,MI
49230,MI
48416,MI
48417,MI
48418,MI
49232,MI
48014,MI
48117,MI
48419,MI
49233,MI
49281,MI
48015,MI
48118,MI
49234,MI
48346,MI
48347,MI
48348,MI
48017,MI
49235,MI
49236,MI
48420,MI
48421,MI
49237,MI
48422,MI
48350,MI
48423,MI
48120,MI
48121,MI
48122,MI
48123,MI
48124,MI
48126,MI
48128,MI
48125,MI
48127,MI
48426,MI
48427,MI
49238,MI
48201,MI
48202,MI
48203,MI
48204,MI
48205,MI
48206,MI
48207,MI
48208,MI
48209,MI
48210,MI
48211,MI
48212,MI
48213,MI
48214,MI
48215,MI
48216,MI
48217,MI
48218,MI
48219,MI
48220,MI
48221,MI
48222,MI
48223,MI
48224,MI
48225,MI
48226,MI
48227,MI
48228,MI
48229,MI
48230,MI
48231,MI
48232,MI
48233,MI
48234,MI
48235,MI
48236,MI
48237,MI
48238,MI
48239,MI
48240,MI
48242,MI
48243,MI
48244,MI
48255,MI
48260,MI
48264,MI
48265,MI
48266,MI
48267,MI
48268,MI
48269,MI
48272,MI
48275,MI
48277,MI
48278,MI
48279,MI
48288,MI
48130,MI
48428,MI
48131,MI
48429,MI
48021,MI
48022,MI
48023,MI
48331,MI
48332,MI
48333,MI
48334,MI
48335,MI
48336,MI
48430,MI
48134,MI
48501,MI
48502,MI
48503,MI
48504,MI
48505,MI
48506,MI
48507,MI
48509,MI
48519,MI
48529,MI
48531,MI
48532,MI
48550,MI
48551,MI
48552,MI
48553,MI
48554,MI
48555,MI
48556,MI
48557,MI
48433,MI
48434,MI
48435,MI
48026,MI
49239,MI
48436,MI
48135,MI
48136,MI
48437,MI
48027,MI
48438,MI
48439,MI
48480,MI
49240,MI
48137,MI
48138,MI
48440,MI
48139,MI
49241,MI
48441,MI
48028,MI
48353,MI
48030,MI
48356,MI
48357,MI
49242,MI
48442,MI
49245,MI
49246,MI
49247,MI
48140,MI
48444,MI
48141,MI
49201,MI
49202,MI
49203,MI
49204,MI
49248,MI
48032,MI
49249,MI
49250,MI
48320,MI
48432,MI
48445,MI
48143,MI
48359,MI
48360,MI
48361,MI
48362,MI
48366,MI
48144,MI
48446,MI
48449,MI
48367,MI
49251,MI
48450,MI
48146,MI
48451,MI
49252,MI
48150,MI
48151,MI
48152,MI
48153,MI
48154,MI
48158,MI
49253,MI
48039,MI
48453,MI
48040,MI
48454,MI
48041,MI
48455,MI
49254,MI
48160,MI
48380,MI
48381,MI
48456,MI
48465,MI
48110,MI
48133,MI
48145,MI
48157,MI
48159,MI
48161,MI
48162,MI
48166,MI
49255,MI
48457,MI
49256,MI
49257,MI
49258,MI
48035,MI
48036,MI
48038,MI
48042,MI
48043,MI
48044,MI
48045,MI
48046,MI
48458,MI
49259,MI
49261,MI
48047,MI
48051,MI
48164,MI
48048,MI
48050,MI
48165,MI
48460,MI
49262,MI
48461,MI
48049,MI
48167,MI
48168,MI
48175,MI
49263,MI
48374,MI
48375,MI
48376,MI
48377,MI
49264,MI
49265,MI
48462,MI
49266,MI
48463,MI
49267,MI
48464,MI
48370,MI
48371,MI
49268,MI
49269,MI
48466,MI
49270,MI
48169,MI
49271,MI
49272,MI
48170,MI
48321,MI
48322,MI
48323,MI
48324,MI
48325,MI
48326,MI
48340,MI
48341,MI
48342,MI
48343,MI
48467,MI
48468,MI
48059,MI
48060,MI
48061,MI
48469,MI
49274,MI
48062,MI
48063,MI
48064,MI
49276,MI
49277,MI
48306,MI
48307,MI
48308,MI
48309,MI
48363,MI
48173,MI
48065,MI
48096,MI
48174,MI
48066,MI
48067,MI
48068,MI
48069,MI
48070,MI
48071,MI
48072,MI
48073,MI
48470,MI
48115,MI
48176,MI
48177,MI
49279,MI
48471,MI
48074,MI
48472,MI
49282,MI
48025,MI
48033,MI
48034,MI
48037,MI
48075,MI
48076,MI
48086,MI
48178,MI
48179,MI
49283,MI
49284,MI
48054,MI
48079,MI
48080,MI
48081,MI
48082,MI
49285,MI
48473,MI
48180,MI
49286,MI
48182,MI
49287,MI
48183,MI
48007,MI
48083,MI
48084,MI
48085,MI
48098,MI
48099,MI
48475,MI
48387,MI
48310,MI
48311,MI
48312,MI
48313,MI
48314,MI
48315,MI
48316,MI
48317,MI
48318,MI
48476,MI
49288,MI
48382,MI
48390,MI
48391,MI
48088,MI
48089,MI
48090,MI
48091,MI
48092,MI
48093,MI
48397,MI
48094,MI
48095,MI
48327,MI
48328,MI
48329,MI
48330,MI
48383,MI
48386,MI
48184,MI
48185,MI
48186,MI
48187,MI
48188,MI
49289,MI
48189,MI
48190,MI
48191,MI
48393,MI
48192,MI
48193,MI
48195,MI
48097,MI
48197,MI
48198,MI
49610,MI
49301,MI
49355,MI
49356,MI
49357,MI
49705,MI
49901,MI
48701,MI
49706,MI
49611,MI
49612,MI
48610,MI
49010,MI
49401,MI
48801,MI
49707,MI
49902,MI
49302,MI
49903,MI
49613,MI
48806,MI
49011,MI
49709,MI
49905,MI
48611,MI
48703,MI
49012,MI
49806,MI
49303,MI
49304,MI
49013,MI
48807,MI
49908,MI
49710,MI
49807,MI
49101,MI
49305,MI
48705,MI
48808,MI
49014,MI
49015,MI
49016,MI
49017,MI
49018,MI
49037,MI
48706,MI
48707,MI
48708,MI
48710,MI
48720,MI
49614,MI
48612,MI
49020,MI
48809,MI
48887,MI
49615,MI
49021,MI
49306,MI
49022,MI
49023,MI
49616,MI
49910,MI
49102,MI
49103,MI
49104,MI
49911,MI
49617,MI
49808,MI
49307,MI
49309,MI
49310,MI
49026,MI
49618,MI
49712,MI
49713,MI
49311,MI
49402,MI
48614,MI
48615,MI
49027,MI
49619,MI
48722,MI
49106,MI
49715,MI
49312,MI
49028,MI
49912,MI
49716,MI
49107,MI
49620,MI
49029,MI
49314,MI
49030,MI
49717,MI
49315,MI
49601,MI
49316,MI
49805,MI
49913,MI
49918,MI
49942,MI
49317,MI
49812,MI
48723,MI
49718,MI
48724,MI
48811,MI
48725,MI
49318,MI
49915,MI
48726,MI
49031,MI
49621,MI
48812,MI
49319,MI
49719,MI
49622,MI
49032,MI
49033,MI
49814,MI
49815,MI
49711,MI
49720,MI
48813,MI
49623,MI
49916,MI
49816,MI
49721,MI
48616,MI
49320,MI
48617,MI
48815,MI
48727,MI
49034,MI
49035,MI
48816,MI
49036,MI
48618,MI
49038,MI
49039,MI
49040,MI
48619,MI
49041,MI
49321,MI
49403,MI
49042,MI
49722,MI
49817,MI
49404,MI
49625,MI
49917,MI
49322,MI
49818,MI
49819,MI
48817,MI
49043,MI
49919,MI
49723,MI
48818,MI
49920,MI
48728,MI
49820,MI
49405,MI
49724,MI
49821,MI
48819,MI
49045,MI
49822,MI
48729,MI
49046,MI
49725,MI
48820,MI
48821,MI
49922,MI
49323,MI
49406,MI
49047,MI
49050,MI
49726,MI
48822,MI
49727,MI
49626,MI
48823,MI
48824,MI
48825,MI
48826,MI
49051,MI
49627,MI
48730,MI
48827,MI
49111,MI
49825,MI
49826,MI
49728,MI
48620,MI
48829,MI
49112,MI
49130,MI
49628,MI
49629,MI
48731,MI
49729,MI
48830,MI
49730,MI
48831,MI
48832,MI
49630,MI
49827,MI
49829,MI
48732,MI
48833,MI
49631,MI
49925,MI
48733,MI
48621,MI
49632,MI
48622,MI
49831,MI
49877,MI
49408,MI
48834,MI
48870,MI
49409,MI
49633,MI
49634,MI
49834,MI
49410,MI
48835,MI
48836,MI
48734,MI
48787,MI
49635,MI
49733,MI
48623,MI
49325,MI
49411,MI
49412,MI
49413,MI
49415,MI
49052,MI
49927,MI
48735,MI
49053,MI
49113,MI
49835,MI
49734,MI
49735,MI
49836,MI
49837,MI
48624,MI
49636,MI
49416,MI
48737,MI
49055,MI
49736,MI
49838,MI
49326,MI
49417,MI
49056,MI
48837,MI
49839,MI
49501,MI
49502,MI
49503,MI
49504,MI
49505,MI
49506,MI
49507,MI
49508,MI
49509,MI
49510,MI
49512,MI
49514,MI
49515,MI
49516,MI
49518,MI
49519,MI
49523,MI
49525,MI
49528,MI
49530,MI
49534,MI
49544,MI
49546,MI
49548,MI
49555,MI
49560,MI
49588,MI
49599,MI
49418,MI
49468,MI
49327,MI
49637,MI
49738,MI
49739,MI
48738,MI
49929,MI
48838,MI
49840,MI
49841,MI
48739,MI
49419,MI
49930,MI
49115,MI
49737,MI
49740,MI
49638,MI
49845,MI
48625,MI
48740,MI
49420,MI
49057,MI
48840,MI
49058,MI
49743,MI
48626,MI
48841,MI
49847,MI
49744,MI
49639,MI
49421,MI
49745,MI
49060,MI
48627,MI
49746,MI
49422,MI
49423,MI
49424,MI
48842,MI
49425,MI
49640,MI
48628,MI
49328,MI
49921,MI
49931,MI
48629,MI
48630,MI
49329,MI
48843,MI
48844,MI
48855,MI
49747,MI
48845,MI
49934,MI
49426,MI
49748,MI
49642,MI
49749,MI
49848,MI
49643,MI
48846,MI
49801,MI
49802,MI
49935,MI
49644,MI
49938,MI
49849,MI
49865,MI
48847,MI
49427,MI
49428,MI
49429,MI
49751,MI
49061,MI
49001,MI
49002,MI
49003,MI
49004,MI
49005,MI
49006,MI
49007,MI
49008,MI
49009,MI
49019,MI
49024,MI
49048,MI
49645,MI
49646,MI
48631,MI
49062,MI
49330,MI
49648,MI
49649,MI
48741,MI
49752,MI
49753,MI
49063,MI
48848,MI
48632,MI
49650,MI
49651,MI
48633,MI
49653,MI
49945,MI
48849,MI
49116,MI
48850,MI
49430,MI
49946,MI
48901,MI
48906,MI
48908,MI
48909,MI
48910,MI
48911,MI
48912,MI
48913,MI
48915,MI
48916,MI
48917,MI
48918,MI
48919,MI
48921,MI
48922,MI
48924,MI
48929,MI
48930,MI
48933,MI
48937,MI
48950,MI
48951,MI
48956,MI
48980,MI
49064,MI
49065,MI
49654,MI
49066,MI
49655,MI
49755,MI
49756,MI
48742,MI
48634,MI
49833,MI
48743,MI
49331,MI
49431,MI
48635,MI
49656,MI
48636,MI
48851,MI
49657,MI
48852,MI
49853,MI
49434,MI
49757,MI
49701,MI
49659,MI
49660,MI
49854,MI
49663,MI
49664,MI
48853,MI
49067,MI
49947,MI
49665,MI
49435,MI
49855,MI
49068,MI
49070,MI
48854,MI
49948,MI
49071,MI
49666,MI
48744,MI
49436,MI
49332,MI
49072,MI
49858,MI
48637,MI
49667,MI
49668,MI
49861,MI
48856,MI
49333,MI
48640,MI
48641,MI
48642,MI
48667,MI
48670,MI
48674,MI
48686,MI
48745,MI
49759,MI
48746,MI
48647,MI
49950,MI
49335,MI
49437,MI
49760,MI
49336,MI
48857,MI
48804,MI
48858,MI
48859,MI
48860,MI
49761,MI
48861,MI
48747,MI
49862,MI
49440,MI
49441,MI
49442,MI
49443,MI
49444,MI
49445,MI
49863,MI
49864,MI
49073,MI
48748,MI
49762,MI
49074,MI
49866,MI
49337,MI
49868,MI
49117,MI
49446,MI
49119,MI
49120,MI
49952,MI
49670,MI
48862,MI
49870,MI
49075,MI
49448,MI
48649,MI
49764,MI
48805,MI
48864,MI
49673,MI
49076,MI
49674,MI
48749,MI
49765,MI
49675,MI
49953,MI
48865,MI
48750,MI
49077,MI
49766,MI
49078,MI
48866,MI
48754,MI
48867,MI
49955,MI
49871,MI
49768,MI
49338,MI
49079,MI
49958,MI
49769,MI
49449,MI
49872,MI
48871,MI
49873,MI
48872,MI
49770,MI
48873,MI
49774,MI
49339,MI
48755,MI
48650,MI
49080,MI
49775,MI
48874,MI
49081,MI
48875,MI
49776,MI
48876,MI
49874,MI
48756,MI
49777,MI
48651,MI
49450,MI
49082,MI
49876,MI
49959,MI
49676,MI
49878,MI
49451,MI
49677,MI
48757,MI
49340,MI
49879,MI
48613,MI
48652,MI
49083,MI
48758,MI
48877,MI
49084,MI
49880,MI
49341,MI
49351,MI
49960,MI
49342,MI
49779,MI
48653,MI
48878,MI
48654,MI
49452,MI
49780,MI
48601,MI
48602,MI
48603,MI
48604,MI
48605,MI
48606,MI
48607,MI
48608,MI
48609,MI
48638,MI
48663,MI
49881,MI
48655,MI
48656,MI
49781,MI
49782,MI
48879,MI
49085,MI
48880,MI
49343,MI
48657,MI
48881,MI
49453,MI
49783,MI
49784,MI
49785,MI
49786,MI
49788,MI
49125,MI
49087,MI
49088,MI
49454,MI
49679,MI
48759,MI
49883,MI
48882,MI
49455,MI
49344,MI
48883,MI
48884,MI
49089,MI
49884,MI
49961,MI
48885,MI
48760,MI
48886,MI
49885,MI
49962,MI
49126,MI
49680,MI
48761,MI
49090,MI
49963,MI
49886,MI
49345,MI
49456,MI
48721,MI
48762,MI
49964,MI
48658,MI
48888,MI
49346,MI
49887,MI
48659,MI
49127,MI
49091,MI
48889,MI
48890,MI
49682,MI
48763,MI
48764,MI
49092,MI
49683,MI
49128,MI
49093,MI
49965,MI
49791,MI
49792,MI
49684,MI
49685,MI
49686,MI
49696,MI
49891,MI
49967,MI
49793,MI
49347,MI
48765,MI
49688,MI
48766,MI
49457,MI
49094,MI
49129,MI
48767,MI
49095,MI
49795,MI
48768,MI
49096,MI
48891,MI
49097,MI
49852,MI
49892,MI
49968,MI
49458,MI
49459,MI
49893,MI
49796,MI
49797,MI
49969,MI
49098,MI
49970,MI
49348,MI
48892,MI
48893,MI
49894,MI
49689,MI
48661,MI
49460,MI
48894,MI
49895,MI
48662,MI
49349,MI
49461,MI
49463,MI
49099,MI
49971,MI
48770,MI
49690,MI
48895,MI
49896,MI
48896,MI
49799,MI
48897,MI
49464,MI
48559,MI
48736,MI
48769,MI
48802,MI
48863,MI
49069,MI
49121,MI
49550,MI
49790,MI
