66710,KS
66711,KS
66741,KS
66712,KS
66735,KS
66002,KS
66006,KS
66007,KS
66713,KS
66778,KS
66008,KS
66714,KS
66010,KS
66012,KS
66716,KS
66013,KS
66717,KS
66014,KS
66720,KS
66724,KS
66015,KS
66725,KS
66728,KS
66016,KS
66017,KS
66018,KS
66019,KS
66020,KS
66021,KS
66023,KS
66024,KS
66733,KS
66025,KS
66734,KS
66026,KS
66701,KS
66736,KS
66739,KS
66740,KS
66030,KS
66032,KS
66742,KS
66743,KS
66033,KS
66746,KS
66035,KS
66036,KS
66748,KS
66749,KS
66101,KS
66102,KS
66103,KS
66104,KS
66105,KS
66106,KS
66109,KS
66110,KS
66111,KS
66112,KS
66113,KS
66115,KS
66117,KS
66118,KS
66119,KS
66160,KS
66039,KS
66040,KS
66751,KS
66041,KS
66042,KS
66044,KS
66045,KS
66046,KS
66047,KS
66049,KS
66027,KS
66043,KS
66048,KS
66050,KS
66052,KS
66053,KS
66753,KS
66054,KS
66754,KS
66732,KS
66755,KS
66056,KS
66756,KS
66058,KS
66757,KS
66758,KS
66759,KS
66060,KS
66031,KS
66051,KS
66061,KS
66062,KS
66063,KS
66760,KS
66064,KS
66066,KS
66067,KS
66070,KS
66071,KS
66072,KS
66073,KS
66761,KS
66762,KS
66763,KS
66075,KS
66076,KS
66738,KS
66767,KS
66078,KS
66079,KS
66769,KS
66080,KS
66770,KS
66771,KS
66773,KS
66201,KS
66202,KS
66203,KS
66204,KS
66205,KS
66206,KS
66207,KS
66208,KS
66209,KS
66210,KS
66211,KS
66212,KS
66213,KS
66214,KS
66215,KS
66216,KS
66217,KS
66218,KS
66219,KS
66220,KS
66221,KS
66222,KS
66223,KS
66224,KS
66225,KS
66226,KS
66227,KS
66250,KS
66251,KS
66276,KS
66282,KS
66283,KS
66285,KS
66286,KS
66083,KS
66772,KS
66775,KS
66085,KS
66776,KS
66086,KS
66777,KS
66087,KS
66779,KS
66088,KS
66780,KS
66090,KS
66781,KS
66091,KS
66092,KS
66782,KS
66093,KS
66094,KS
66095,KS
66097,KS
66783,KS
67510,KS
67568,KS
67410,KS
66830,KS
67621,KS
67511,KS
67512,KS
67513,KS
66833,KS
66401,KS
66501,KS
67622,KS
67330,KS
66834,KS
67623,KS
66835,KS
67001,KS
67002,KS
67003,KS
67150,KS
67004,KS
67005,KS
67514,KS
67831,KS
67416,KS
66932,KS
67008,KS
67009,KS
67730,KS
67744,KS
66402,KS
67010,KS
67417,KS
66403,KS
66404,KS
67418,KS
66933,KS
67332,KS
67516,KS
66406,KS
67013,KS
66935,KS
67420,KS
67519,KS
66407,KS
67422,KS
67016,KS
67017,KS
66408,KS
66409,KS
67423,KS
67731,KS
67520,KS
66411,KS
67018,KS
67625,KS
66412,KS
67732,KS
67743,KS
67425,KS
67521,KS
67834,KS
67522,KS
67626,KS
67019,KS
67523,KS
66838,KS
66413,KS
66839,KS
66840,KS
66936,KS
67020,KS
67427,KS
67022,KS
67023,KS
67333,KS
67428,KS
66414,KS
66842,KS
66862,KS
67627,KS
67430,KS
67628,KS
66843,KS
67024,KS
66415,KS
67431,KS
67524,KS
67334,KS
67025,KS
67335,KS
67336,KS
67835,KS
66416,KS
67525,KS
67432,KS
67026,KS
66937,KS
66930,KS
66938,KS
67028,KS
67337,KS
67701,KS
67029,KS
67631,KS
67030,KS
66901,KS
67031,KS
67836,KS
67837,KS
66845,KS
66846,KS
66873,KS
66939,KS
66940,KS
67035,KS
67632,KS
67036,KS
67340,KS
67838,KS
66418,KS
67436,KS
66419,KS
67341,KS
67037,KS
67038,KS
67102,KS
67839,KS
67801,KS
67843,KS
67634,KS
67039,KS
66420,KS
67437,KS
67438,KS
66849,KS
67342,KS
67733,KS
67041,KS
67042,KS
67344,KS
67345,KS
67950,KS
67526,KS
67637,KS
67656,KS
67439,KS
66850,KS
66422,KS
66801,KS
67840,KS
67841,KS
67441,KS
66941,KS
66423,KS
67012,KS
67045,KS
66424,KS
66425,KS
67047,KS
67442,KS
66851,KS
67842,KS
66942,KS
67844,KS
66427,KS
67049,KS
67443,KS
67846,KS
67868,KS
67050,KS
67529,KS
67638,KS
67444,KS
67051,KS
67445,KS
67446,KS
67052,KS
67053,KS
66417,KS
66428,KS
67735,KS
67640,KS
67736,KS
67737,KS
66429,KS
67530,KS
67447,KS
66943,KS
67054,KS
67346,KS
66852,KS
67738,KS
67448,KS
66944,KS
67056,KS
66853,KS
66945,KS
67849,KS
67057,KS
67058,KS
66854,KS
66431,KS
67347,KS
67543,KS
67059,KS
67601,KS
67660,KS
67667,KS
67060,KS
67850,KS
67449,KS
67739,KS
67062,KS
66434,KS
67642,KS
67659,KS
67063,KS
67544,KS
67851,KS
66946,KS
66436,KS
67450,KS
66438,KS
67451,KS
66439,KS
67349,KS
67740,KS
66440,KS
67545,KS
67951,KS
67452,KS
67501,KS
67502,KS
67504,KS
67505,KS
67301,KS
67853,KS
67546,KS
67065,KS
67066,KS
66948,KS
67635,KS
67643,KS
67854,KS
66949,KS
67855,KS
66441,KS
66442,KS
67454,KS
67741,KS
67067,KS
67857,KS
66951,KS
67068,KS
67547,KS
67061,KS
67070,KS
67644,KS
67859,KS
67548,KS
67553,KS
67860,KS
67550,KS
67072,KS
66952,KS
66856,KS
67073,KS
67629,KS
67645,KS
67074,KS
66449,KS
67861,KS
66857,KS
67552,KS
67901,KS
67905,KS
67351,KS
67455,KS
66858,KS
67456,KS
66953,KS
67457,KS
67646,KS
67458,KS
67647,KS
67352,KS
67459,KS
66859,KS
67648,KS
67649,KS
66451,KS
67554,KS
67556,KS
67745,KS
67460,KS
67557,KS
66855,KS
66860,KS
66955,KS
67101,KS
66502,KS
66503,KS
66505,KS
66506,KS
66956,KS
67862,KS
66507,KS
67863,KS
66861,KS
67464,KS
66508,KS
66509,KS
67103,KS
67864,KS
67071,KS
67104,KS
66510,KS
66512,KS
67105,KS
66514,KS
67106,KS
67118,KS
67466,KS
67467,KS
67865,KS
67353,KS
67867,KS
67468,KS
67650,KS
66515,KS
66958,KS
67952,KS
67107,KS
67354,KS
67108,KS
67109,KS
67110,KS
66959,KS
67111,KS
66960,KS
67112,KS
67651,KS
66863,KS
66864,KS
67518,KS
67560,KS
66516,KS
67470,KS
67114,KS
67561,KS
67355,KS
67653,KS
67117,KS
67654,KS
67748,KS
67749,KS
67563,KS
66517,KS
66518,KS
67564,KS
66865,KS
66520,KS
66521,KS
66522,KS
66523,KS
67473,KS
67356,KS
67565,KS
66524,KS
67119,KS
67657,KS
66962,KS
67658,KS
67751,KS
67357,KS
67566,KS
67567,KS
66526,KS
66866,KS
67120,KS
67360,KS
67639,KS
67661,KS
67122,KS
67869,KS
67663,KS
67474,KS
67123,KS
66527,KS
67664,KS
67021,KS
67124,KS
67570,KS
67127,KS
66528,KS
67752,KS
67475,KS
67483,KS
66963,KS
66554,KS
67515,KS
67572,KS
67573,KS
66868,KS
66964,KS
67734,KS
67753,KS
67953,KS
66531,KS
66532,KS
67131,KS
67954,KS
67132,KS
67133,KS
66533,KS
67476,KS
67574,KS
67559,KS
67575,KS
67665,KS
66534,KS
67756,KS
66535,KS
67576,KS
66536,KS
67401,KS
67402,KS
67870,KS
67134,KS
66961,KS
66966,KS
67871,KS
66537,KS
67361,KS
67135,KS
67757,KS
66538,KS
67137,KS
67138,KS
67758,KS
67761,KS
66539,KS
67478,KS
66967,KS
66432,KS
66540,KS
67480,KS
67140,KS
67876,KS
67142,KS
67578,KS
67579,KS
67669,KS
66869,KS
67877,KS
66541,KS
67143,KS
67363,KS
67481,KS
67581,KS
67878,KS
67482,KS
66542,KS
67484,KS
67485,KS
66601,KS
66603,KS
66604,KS
66605,KS
66606,KS
66607,KS
66608,KS
66609,KS
66610,KS
66611,KS
66612,KS
66614,KS
66615,KS
66616,KS
66617,KS
66618,KS
66619,KS
66620,KS
66621,KS
66622,KS
66624,KS
66625,KS
66626,KS
66628,KS
66629,KS
66636,KS
66647,KS
66667,KS
66675,KS
66683,KS
66699,KS
67144,KS
67879,KS
67583,KS
67364,KS
67146,KS
67880,KS
67584,KS
67147,KS
66543,KS
66544,KS
67671,KS
67674,KS
67149,KS
66870,KS
66546,KS
67672,KS
67487,KS
67673,KS
67151,KS
66547,KS
66968,KS
66548,KS
66871,KS
66970,KS
67152,KS
67762,KS
66426,KS
66549,KS
66550,KS
66872,KS
67154,KS
66552,KS
67055,KS
67201,KS
67202,KS
67203,KS
67204,KS
67205,KS
67206,KS
67207,KS
67208,KS
67209,KS
67210,KS
67211,KS
67212,KS
67213,KS
67214,KS
67215,KS
67216,KS
67217,KS
67218,KS
67219,KS
67220,KS
67221,KS
67223,KS
67226,KS
67227,KS
67228,KS
67230,KS
67232,KS
67235,KS
67260,KS
67275,KS
67276,KS
67277,KS
67278,KS
67155,KS
67490,KS
67491,KS
67156,KS
67747,KS
67764,KS
67492,KS
67675,KS
67882,KS
67585,KS
67159,KS
66077,KS
66279,KS
66637,KS
66642,KS
66652,KS
66653,KS
66692,KS
