03601,NH
03602,NH
03607,NH
03809,NH
03810,NH
03031,NH
03216,NH
03440,NH
03217,NH
03441,NH
03811,NH
03032,NH
03218,NH
03825,NH
03812,NH
03740,NH
03220,NH
03442,NH
03570,NH
03574,NH
03221,NH
03222,NH
03033,NH
03215,NH
03223,NH
03285,NH
03741,NH
03034,NH
03040,NH
03224,NH
03225,NH
03813,NH
03226,NH
03814,NH
03227,NH
03603,NH
03036,NH
03443,NH
03817,NH
03743,NH
03576,NH
03301,NH
03302,NH
03303,NH
03304,NH
03305,NH
03307,NH
03229,NH
03818,NH
03745,NH
03746,NH
03230,NH
03819,NH
03037,NH
03038,NH
03820,NH
03821,NH
03822,NH
03823,NH
03444,NH
03824,NH
03861,NH
03231,NH
03041,NH
03826,NH
03827,NH
03605,NH
03445,NH
03457,NH
03446,NH
03830,NH
03233,NH
03748,NH
03749,NH
03042,NH
03234,NH
03258,NH
03579,NH
03750,NH
03833,NH
03835,NH
03447,NH
03043,NH
03580,NH
03235,NH
03836,NH
03044,NH
03751,NH
03237,NH
03837,NH
03448,NH
03838,NH
03238,NH
03045,NH
03046,NH
03581,NH
03593,NH
03752,NH
03240,NH
03753,NH
03047,NH
03840,NH
03048,NH
03582,NH
03754,NH
03841,NH
03842,NH
03843,NH
03844,NH
03449,NH
03755,NH
03450,NH
03765,NH
03241,NH
03242,NH
03243,NH
03244,NH
03451,NH
03245,NH
03049,NH
03051,NH
03052,NH
03845,NH
03846,NH
03452,NH
03583,NH
03847,NH
03431,NH
03435,NH
03848,NH
03246,NH
03247,NH
03249,NH
03584,NH
03756,NH
03766,NH
03784,NH
03251,NH
03585,NH
03586,NH
03561,NH
03252,NH
03053,NH
03768,NH
03769,NH
03832,NH
03849,NH
03101,NH
03102,NH
03103,NH
03104,NH
03105,NH
03106,NH
03107,NH
03108,NH
03109,NH
03110,NH
03111,NH
03455,NH
03456,NH
03464,NH
03850,NH
03253,NH
03770,NH
03054,NH
03588,NH
03055,NH
03851,NH
03852,NH
03853,NH
03771,NH
03057,NH
03254,NH
03060,NH
03061,NH
03062,NH
03063,NH
03064,NH
03070,NH
03255,NH
03272,NH
03854,NH
03855,NH
03856,NH
03256,NH
03071,NH
03257,NH
03857,NH
03773,NH
03858,NH
03859,NH
03860,NH
03862,NH
03774,NH
03073,NH
03259,NH
03590,NH
03260,NH
03261,NH
03262,NH
03293,NH
03290,NH
03777,NH
03864,NH
03076,NH
03458,NH
03779,NH
03780,NH
03592,NH
03263,NH
03781,NH
03865,NH
03264,NH
03801,NH
03802,NH
03803,NH
03804,NH
03805,NH
03077,NH
03461,NH
03839,NH
03866,NH
03867,NH
03868,NH
03869,NH
03266,NH
03274,NH
03870,NH
03871,NH
03079,NH
03268,NH
03269,NH
03872,NH
03873,NH
03874,NH
03875,NH
03878,NH
03882,NH
03082,NH
03273,NH
03883,NH
03462,NH
03815,NH
03884,NH
03885,NH
03782,NH
03275,NH
03886,NH
03897,NH
03084,NH
03276,NH
03298,NH
03299,NH
03465,NH
03575,NH
03589,NH
03595,NH
03887,NH
03604,NH
03608,NH
03609,NH
03278,NH
03279,NH
03280,NH
03281,NH
03282,NH
03466,NH
03467,NH
03291,NH
03890,NH
03468,NH
03284,NH
03597,NH
03469,NH
03598,NH
03287,NH
03086,NH
03470,NH
03087,NH
03289,NH
03816,NH
03894,NH
03896,NH
03785,NH
