98601,WA
98602,WA
98603,WA
98604,WA
98605,WA
98606,WA
98607,WA
98609,WA
98610,WA
98611,WA
98612,WA
98614,WA
98616,WA
98617,WA
98619,WA
98613,WA
98620,WA
98622,WA
98623,WA
98624,WA
98625,WA
98626,WA
98628,WA
98670,WA
98629,WA
98631,WA
98637,WA
98632,WA
98635,WA
98638,WA
98639,WA
98640,WA
98641,WA
98642,WA
98621,WA
98643,WA
98644,WA
98647,WA
98648,WA
98645,WA
98649,WA
98650,WA
98651,WA
98660,WA
98661,WA
98662,WA
98663,WA
98664,WA
98665,WA
98666,WA
98668,WA
98682,WA
98683,WA
98684,WA
98685,WA
98686,WA
98687,WA
98671,WA
98672,WA
98673,WA
98674,WA
98675,WA
98520,WA
98220,WA
99101,WA
98522,WA
99001,WA
99102,WA
98524,WA
99103,WA
98526,WA
98221,WA
98222,WA
99401,WA
98811,WA
98223,WA
98304,WA
99402,WA
98001,WA
98002,WA
98003,WA
98023,WA
98047,WA
98063,WA
98071,WA
98092,WA
98093,WA
98224,WA
98527,WA
98305,WA
98528,WA
98004,WA
98005,WA
98006,WA
98007,WA
98008,WA
98009,WA
98015,WA
98225,WA
98226,WA
98227,WA
98228,WA
98229,WA
99320,WA
99321,WA
99322,WA
98010,WA
98230,WA
98231,WA
98011,WA
98012,WA
98021,WA
98028,WA
98041,WA
98082,WA
98232,WA
98310,WA
98311,WA
98312,WA
98314,WA
98337,WA
98812,WA
98813,WA
98320,WA
98920,WA
98321,WA
98530,WA
98921,WA
99323,WA
98322,WA
98233,WA
98323,WA
98324,WA
98814,WA
98014,WA
98815,WA
98531,WA
99003,WA
98532,WA
98816,WA
98817,WA
99004,WA
99109,WA
98325,WA
98533,WA
98326,WA
99403,WA
99110,WA
98235,WA
98922,WA
98236,WA
99005,WA
99111,WA
99324,WA
99113,WA
99114,WA
98819,WA
98237,WA
99326,WA
98238,WA
98535,WA
98536,WA
98537,WA
99115,WA
99116,WA
98239,WA
98923,WA
99117,WA
99147,WA
99118,WA
98538,WA
99119,WA
98240,WA
99121,WA
98241,WA
99122,WA
99328,WA
98243,WA
99006,WA
98244,WA
99329,WA
98539,WA
98821,WA
98303,WA
98327,WA
98019,WA
98540,WA
98925,WA
98245,WA
98328,WA
98020,WA
98026,WA
99008,WA
98330,WA
99123,WA
99009,WA
98926,WA
98950,WA
98541,WA
99124,WA
99330,WA
99125,WA
98822,WA
98022,WA
98823,WA
98542,WA
98201,WA
98203,WA
98204,WA
98205,WA
98206,WA
98207,WA
98208,WA
98213,WA
98247,WA
98276,WA
99011,WA
99012,WA
98024,WA
99104,WA
99128,WA
98248,WA
99013,WA
98331,WA
99014,WA
98333,WA
98249,WA
98250,WA
98544,WA
99130,WA
99131,WA
98329,WA
98332,WA
98335,WA
98336,WA
98251,WA
98338,WA
99133,WA
98930,WA
98932,WA
98252,WA
98546,WA
98547,WA
99016,WA
98253,WA
98255,WA
98340,WA
98933,WA
99134,WA
99154,WA
99135,WA
98025,WA
98548,WA
99333,WA
98550,WA
98552,WA
99129,WA
99137,WA
99138,WA
98256,WA
98342,WA
99139,WA
98027,WA
98029,WA
98075,WA
98343,WA
99335,WA
98344,WA
99140,WA
99336,WA
99337,WA
99338,WA
98030,WA
98031,WA
98032,WA
98035,WA
98042,WA
98064,WA
98089,WA
99107,WA
99126,WA
99141,WA
99160,WA
98345,WA
98346,WA
98033,WA
98034,WA
98083,WA
98934,WA
98257,WA
99105,WA
99136,WA
99143,WA
98348,WA
98349,WA
98351,WA
98258,WA
98259,WA
98260,WA
98350,WA
99018,WA
99146,WA
98826,WA
98554,WA
99019,WA
98555,WA
99341,WA
98556,WA
98827,WA
99148,WA
98261,WA
98262,WA
98263,WA
98264,WA
98036,WA
98037,WA
98046,WA
98087,WA
98557,WA
98558,WA
98935,WA
98828,WA
99149,WA
99150,WA
98559,WA
98829,WA
98353,WA
98830,WA
98831,WA
98266,WA
98038,WA
98267,WA
99151,WA
98832,WA
99020,WA
98270,WA
98271,WA
98560,WA
99021,WA
99022,WA
98039,WA
98561,WA
98040,WA
99343,WA
99152,WA
99153,WA
98834,WA
98354,WA
98355,WA
98562,WA
98836,WA
98272,WA
98563,WA
98356,WA
98837,WA
98564,WA
98043,WA
98273,WA
98274,WA
98936,WA
98275,WA
98937,WA
98565,WA
98357,WA
98566,WA
99155,WA
99025,WA
99156,WA
99026,WA
99034,WA
98358,WA
98045,WA
99157,WA
99158,WA
98277,WA
98278,WA
98568,WA
98569,WA
99144,WA
99159,WA
98840,WA
98359,WA
98279,WA
98501,WA
98502,WA
98503,WA
98504,WA
98505,WA
98506,WA
98507,WA
98508,WA
98509,WA
98511,WA
98512,WA
98513,WA
98516,WA
98599,WA
98841,WA
98570,WA
98280,WA
98843,WA
98844,WA
98360,WA
99344,WA
99349,WA
99027,WA
98938,WA
98571,WA
98361,WA
98845,WA
99161,WA
98939,WA
99301,WA
99302,WA
98846,WA
99345,WA
98572,WA
98847,WA
99346,WA
98281,WA
99347,WA
98362,WA
98363,WA
98364,WA
98339,WA
98365,WA
98366,WA
98367,WA
98378,WA
98368,WA
98370,WA
99348,WA
98050,WA
99350,WA
99163,WA
99164,WA
98371,WA
98372,WA
98373,WA
98374,WA
98375,WA
98376,WA
98824,WA
98848,WA
98575,WA
98576,WA
98377,WA
98051,WA
98577,WA
99029,WA
98052,WA
98053,WA
98073,WA
98074,WA
98055,WA
98056,WA
98057,WA
98058,WA
98059,WA
99166,WA
99167,WA
99352,WA
99353,WA
99354,WA
99169,WA
98849,WA
98579,WA
99030,WA
98850,WA
98283,WA
98061,WA
98940,WA
99356,WA
99170,WA
98941,WA
98580,WA
99357,WA
98581,WA
99171,WA
99176,WA
98582,WA
98583,WA
98380,WA
98062,WA
98101,WA
98102,WA
98103,WA
98104,WA
98105,WA
98106,WA
98107,WA
98108,WA
98109,WA
98110,WA
98111,WA
98112,WA
98113,WA
98114,WA
98115,WA
98116,WA
98117,WA
98118,WA
98119,WA
98121,WA
98122,WA
98124,WA
98125,WA
98126,WA
98127,WA
98129,WA
98131,WA
98132,WA
98133,WA
98134,WA
98136,WA
98138,WA
98139,WA
98141,WA
98144,WA
98145,WA
98146,WA
98148,WA
98154,WA
98155,WA
98158,WA
98160,WA
98161,WA
98164,WA
98165,WA
98166,WA
98168,WA
98170,WA
98174,WA
98175,WA
98177,WA
98178,WA
98181,WA
98185,WA
98188,WA
98189,WA
98190,WA
98191,WA
98194,WA
98195,WA
98198,WA
98199,WA
98284,WA
98381,WA
98942,WA
98382,WA
98286,WA
98584,WA
98287,WA
98585,WA
98315,WA
98383,WA
98288,WA
98290,WA
98291,WA
98296,WA
98065,WA
98068,WA
98851,WA
98586,WA
98943,WA
98384,WA
98385,WA
98386,WA
98387,WA
99031,WA
99201,WA
99202,WA
99203,WA
99204,WA
99205,WA
99206,WA
99207,WA
99208,WA
99209,WA
99210,WA
99211,WA
99212,WA
99213,WA
99214,WA
99215,WA
99216,WA
99217,WA
99218,WA
99219,WA
99220,WA
99223,WA
99224,WA
99228,WA
99251,WA
99252,WA
99256,WA
99258,WA
99260,WA
99299,WA
99017,WA
99032,WA
99173,WA
98282,WA
98292,WA
99359,WA
98293,WA
98852,WA
99174,WA
98853,WA
98294,WA
98295,WA
98352,WA
98390,WA
98391,WA
98944,WA
98392,WA
98388,WA
98397,WA
98398,WA
98401,WA
98402,WA
98403,WA
98404,WA
98405,WA
98406,WA
98407,WA
98408,WA
98409,WA
98411,WA
98412,WA
98413,WA
98415,WA
98416,WA
98417,WA
98418,WA
98419,WA
98421,WA
98422,WA
98424,WA
98430,WA
98431,WA
98433,WA
98438,WA
98439,WA
98443,WA
98444,WA
98445,WA
98446,WA
98447,WA
98448,WA
98464,WA
98465,WA
98466,WA
98467,WA
98471,WA
98481,WA
98490,WA
98493,WA
98496,WA
98497,WA
98498,WA
98499,WA
98587,WA
98588,WA
99033,WA
98589,WA
98946,WA
98947,WA
98590,WA
98591,WA
98855,WA
98948,WA
99360,WA
98393,WA
98856,WA
98592,WA
99179,WA
99180,WA
98593,WA
99181,WA
99023,WA
99036,WA
98013,WA
98070,WA
98394,WA
99037,WA
99361,WA
98297,WA
99362,WA
99363,WA
98951,WA
98857,WA
99371,WA
98858,WA
98859,WA
98395,WA
99039,WA
99040,WA
98801,WA
98802,WA
98807,WA
98595,WA
98952,WA
99185,WA
98396,WA
98860,WA
98596,WA
98833,WA
98862,WA
98072,WA
98077,WA
98901,WA
98902,WA
98903,WA
98904,WA
98907,WA
98908,WA
98909,WA
98597,WA
98953,WA
98054,WA
98151,WA
98171,WA
98184,WA
98442,WA
98450,WA
98455,WA
98460,WA
98477,WA
98492,WA
98667,WA
98929,WA
99165,WA
