96701,HI
96861,HI
96703,HI
96751,HI
96704,HI
96737,HI
96705,HI
96706,HI
96708,HI
96710,HI
96712,HI
96713,HI
96714,HI
96716,HI
96717,HI
96718,HI
96719,HI
96720,HI
96721,HI
96725,HI
96726,HI
96727,HI
96801,HI
96802,HI
96803,HI
96804,HI
96805,HI
96806,HI
96807,HI
96808,HI
96809,HI
96810,HI
96811,HI
96812,HI
96813,HI
96814,HI
96815,HI
96816,HI
96817,HI
96818,HI
96819,HI
96820,HI
96821,HI
96822,HI
96823,HI
96824,HI
96825,HI
96826,HI
96828,HI
96830,HI
96836,HI
96837,HI
96838,HI
96839,HI
96840,HI
96841,HI
96843,HI
96844,HI
96846,HI
96847,HI
96848,HI
96849,HI
96850,HI
96853,HI
96858,HI
96859,HI
96860,HI
96898,HI
96728,HI
96729,HI
96730,HI
96731,HI
96732,HI
96733,HI
96734,HI
96863,HI
96739,HI
96740,HI
96745,HI
96741,HI
96742,HI
96738,HI
96743,HI
96744,HI
96746,HI
96755,HI
96747,HI
96748,HI
96749,HI
96750,HI
96752,HI
96753,HI
96722,HI
96754,HI
96756,HI
96757,HI
96790,HI
96759,HI
96760,HI
96761,HI
96767,HI
96762,HI
96763,HI
96764,HI
96773,HI
96774,HI
96765,HI
96715,HI
96766,HI
96768,HI
96788,HI
96769,HI
96770,HI
96771,HI
96772,HI
96776,HI
96777,HI
96778,HI
96779,HI
96780,HI
96781,HI
96782,HI
96783,HI
96784,HI
96785,HI
96786,HI
96789,HI
96854,HI
96857,HI
96791,HI
96792,HI
96793,HI
96795,HI
96796,HI
96707,HI
96709,HI
96797,HI
96827,HI
96835,HI
