54610,WI
54611,WI
54805,WI
54720,WI
54001,WI
54612,WI
54721,WI
54613,WI
54806,WI
54722,WI
54002,WI
54810,WI
54614,WI
54812,WI
54813,WI
54723,WI
54814,WI
54003,WI
54817,WI
54834,WI
54857,WI
54615,WI
54616,WI
54724,WI
54725,WI
54726,WI
54819,WI
54820,WI
54821,WI
54727,WI
54822,WI
54618,WI
54637,WI
54619,WI
54824,WI
54621,WI
54728,WI
54729,WI
54774,WI
54004,WI
54005,WI
54622,WI
54730,WI
54826,WI
54731,WI
54623,WI
54732,WI
54827,WI
54828,WI
54829,WI
54006,WI
54733,WI
54830,WI
54007,WI
54624,WI
54625,WI
54734,WI
54735,WI
54009,WI
54832,WI
54736,WI
54626,WI
54640,WI
54657,WI
54701,WI
54702,WI
54703,WI
54737,WI
54738,WI
54739,WI
54010,WI
54011,WI
54740,WI
54627,WI
54835,WI
54741,WI
54742,WI
54628,WI
54629,WI
54837,WI
54630,WI
54631,WI
54632,WI
54743,WI
54013,WI
54838,WI
54890,WI
54839,WI
54840,WI
54014,WI
54015,WI
54818,WI
54841,WI
54842,WI
54843,WI
54844,WI
54846,WI
54855,WI
54634,WI
54635,WI
54745,WI
54636,WI
54016,WI
54082,WI
54746,WI
54747,WI
54847,WI
54748,WI
54638,WI
54749,WI
54601,WI
54602,WI
54603,WI
54848,WI
54639,WI
54849,WI
54850,WI
54853,WI
54750,WI
54854,WI
54816,WI
54856,WI
54641,WI
54642,WI
54751,WI
54754,WI
54643,WI
54858,WI
54644,WI
54859,WI
54755,WI
54764,WI
54645,WI
54646,WI
54756,WI
54757,WI
54017,WI
54648,WI
54649,WI
54861,WI
54650,WI
54651,WI
54020,WI
54758,WI
54759,WI
54760,WI
54761,WI
54864,WI
54865,WI
54762,WI
54021,WI
54867,WI
54652,WI
54868,WI
54763,WI
54022,WI
54023,WI
54653,WI
54024,WI
54765,WI
54870,WI
54654,WI
54766,WI
54845,WI
54871,WI
54872,WI
54655,WI
54873,WI
54025,WI
54874,WI
54620,WI
54656,WI
54801,WI
54875,WI
54767,WI
54768,WI
54026,WI
54769,WI
54658,WI
54876,WI
54770,WI
54836,WI
54880,WI
54659,WI
54771,WI
54660,WI
54888,WI
54661,WI
54662,WI
54889,WI
54664,WI
54665,WI
54666,WI
54891,WI
54893,WI
54667,WI
54669,WI
54895,WI
54772,WI
54773,WI
54027,WI
54670,WI
54862,WI
54896,WI
54028,WI
54405,WI
54101,WI
53910,WI
53927,WI
53001,WI
53501,WI
53502,WI
54201,WI
53002,WI
54909,WI
54102,WI
54406,WI
54407,WI
54408,WI
54409,WI
54430,WI
54911,WI
54912,WI
54913,WI
54914,WI
54915,WI
54919,WI
53503,WI
54511,WI
53504,WI
53911,WI
54103,WI
54410,WI
53003,WI
54104,WI
54411,WI
54412,WI
53505,WI
53506,WI
54413,WI
53801,WI
54202,WI
54921,WI
53913,WI
53507,WI
53101,WI
54922,WI
53916,WI
53802,WI
53004,WI
53508,WI
53510,WI
53511,WI
53512,WI
53803,WI
54923,WI
53103,WI
54926,WI
54414,WI
54106,WI
53515,WI
53516,WI
54415,WI
53804,WI
53517,WI
53518,WI
54107,WI
54182,WI
53805,WI
53827,WI
54512,WI
54416,WI
53919,WI
54513,WI
53920,WI
54110,WI
53104,WI
53520,WI
54417,WI
53005,WI
53008,WI
53045,WI
53521,WI
53006,WI
53522,WI
54204,WI
53105,WI
53922,WI
53007,WI
54927,WI
54514,WI
53108,WI
53923,WI
53523,WI
53010,WI
53109,WI
54928,WI
53011,WI
54205,WI
53806,WI
54515,WI
53924,WI
54111,WI
53012,WI
53013,WI
54420,WI
53014,WI
54517,WI
53015,WI
53525,WI
54929,WI
53016,WI
53526,WI
54421,WI
54112,WI
53017,WI
54207,WI
54930,WI
53925,WI
54113,WI
54519,WI
53527,WI
54520,WI
54114,WI
53528,WI
53807,WI
53110,WI
54422,WI
54423,WI
54931,WI
53926,WI
53529,WI
53114,WI
53530,WI
54418,WI
54424,WI
54462,WI
53531,WI
53532,WI
53018,WI
53115,WI
54208,WI
54115,WI
53808,WI
53533,WI
53595,WI
54425,WI
53118,WI
53928,WI
53119,WI
54521,WI
53120,WI
53019,WI
54426,WI
53534,WI
54209,WI
54427,WI
54429,WI
54428,WI
54932,WI
53020,WI
53121,WI
54210,WI
53122,WI
53929,WI
54933,WI
53930,WI
54211,WI
54934,WI
53536,WI
53931,WI
53932,WI
54120,WI
53809,WI
54524,WI
54212,WI
54121,WI
54935,WI
54936,WI
54937,WI
53125,WI
53537,WI
54123,WI
54213,WI
53538,WI
53933,WI
54214,WI
53126,WI
53021,WI
54940,WI
53934,WI
53935,WI
53127,WI
53128,WI
53022,WI
54525,WI
54124,WI
54433,WI
54434,WI
54439,WI
54435,WI
53023,WI
54526,WI
53810,WI
54527,WI
54125,WI
53540,WI
53024,WI
53936,WI
54436,WI
53541,WI
54301,WI
54302,WI
54303,WI
54304,WI
54305,WI
54306,WI
54307,WI
54308,WI
54311,WI
54313,WI
54324,WI
54344,WI
53026,WI
53129,WI
54941,WI
54126,WI
54942,WI
54437,WI
54128,WI
53130,WI
53132,WI
54943,WI
54529,WI
53027,WI
53029,WI
54440,WI
54530,WI
53811,WI
54531,WI
53137,WI
53543,WI
54129,WI
53937,WI
53031,WI
53544,WI
53138,WI
53032,WI
54944,WI
53033,WI
54534,WI
53034,WI
54945,WI
54990,WI
54442,WI
54536,WI
53035,WI
53036,WI
53037,WI
53545,WI
53546,WI
53547,WI
53548,WI
53549,WI
53038,WI
53550,WI
54443,WI
53039,WI
53139,WI
54130,WI
54131,WI
54215,WI
54537,WI
53140,WI
53141,WI
53142,WI
53143,WI
53144,WI
54135,WI
53040,WI
54216,WI
53042,WI
53812,WI
54136,WI
54946,WI
53939,WI
53044,WI
54127,WI
54137,WI
54171,WI
54538,WI
53940,WI
53147,WI
53551,WI
54539,WI
54543,WI
54138,WI
53813,WI
54540,WI
53046,WI
54541,WI
54947,WI
53941,WI
53047,WI
54139,WI
54948,WI
53942,WI
53535,WI
53553,WI
54140,WI
54141,WI
53554,WI
53555,WI
53943,WI
53048,WI
53556,WI
54542,WI
53557,WI
54446,WI
54447,WI
54217,WI
53944,WI
53148,WI
53558,WI
53562,WI
53593,WI
53701,WI
53702,WI
53703,WI
53704,WI
53705,WI
53706,WI
53707,WI
53708,WI
53711,WI
53713,WI
53714,WI
53715,WI
53716,WI
53717,WI
53718,WI
53719,WI
53725,WI
53726,WI
53744,WI
53774,WI
53777,WI
53778,WI
53779,WI
53782,WI
53783,WI
53784,WI
53785,WI
53786,WI
53788,WI
53789,WI
53790,WI
53791,WI
53792,WI
53793,WI
53794,WI
53049,WI
54949,WI
54545,WI
54220,WI
54221,WI
54226,WI
54448,WI
54227,WI
54143,WI
54950,WI
53946,WI
53947,WI
53559,WI
54404,WI
54441,WI
54449,WI
54472,WI
54450,WI
54464,WI
53948,WI
53050,WI
53560,WI
54451,WI
54546,WI
54952,WI
53051,WI
53052,WI
54547,WI
54452,WI
53561,WI
53056,WI
54454,WI
53563,WI
53201,WI
53202,WI
53203,WI
53204,WI
53205,WI
53206,WI
53207,WI
53208,WI
53209,WI
53210,WI
53211,WI
53212,WI
53213,WI
53214,WI
53215,WI
53216,WI
53217,WI
53218,WI
53219,WI
53220,WI
53221,WI
53222,WI
53223,WI
53224,WI
53225,WI
53226,WI
53227,WI
53228,WI
53233,WI
53234,WI
53235,WI
53237,WI
53259,WI
53263,WI
53267,WI
53268,WI
53274,WI
53278,WI
53288,WI
53290,WI
53293,WI
53295,WI
53565,WI
54548,WI
54228,WI
53566,WI
53949,WI
53569,WI
53570,WI
54550,WI
54565,WI
53571,WI
54455,WI
54149,WI
53057,WI
53816,WI
53572,WI
53149,WI
53573,WI
53150,WI
53058,WI
54956,WI
54957,WI
54456,WI
54457,WI
54458,WI
54150,WI
53059,WI
54960,WI
53060,WI
54229,WI
53574,WI
53061,WI
53062,WI
53950,WI
54961,WI
53152,WI
53063,WI
54151,WI
54152,WI
53951,WI
53064,WI
53153,WI
53154,WI
53065,WI
53066,WI
54153,WI
54154,WI
54962,WI
54459,WI
53069,WI
54963,WI
54155,WI
53070,WI
53575,WI
53542,WI
53576,WI
54901,WI
54902,WI
54903,WI
54904,WI
54906,WI
54460,WI
53952,WI
53953,WI
53156,WI
53954,WI
54552,WI
53817,WI
54463,WI
53157,WI
54119,WI
54156,WI
54157,WI
53072,WI
54554,WI
54555,WI
54465,WI
54964,WI
54965,WI
54466,WI
53577,WI
54966,WI
53818,WI
53158,WI
54467,WI
53073,WI
53901,WI
54469,WI
54159,WI
53074,WI
53820,WI
54160,WI
54161,WI
53159,WI
53955,WI
54967,WI
53821,WI
53578,WI
54556,WI
54557,WI
54968,WI
54162,WI
53401,WI
53402,WI
53403,WI
53404,WI
53405,WI
53406,WI
53407,WI
53408,WI
53956,WI
53957,WI
53075,WI
54969,WI
54970,WI
53958,WI
53959,WI
54230,WI
53579,WI
53580,WI
54501,WI
54470,WI
53076,WI
53581,WI
53582,WI
54471,WI
53960,WI
54971,WI
53167,WI
53961,WI
54974,WI
54473,WI
54474,WI
53078,WI
54475,WI
53079,WI
54558,WI
54232,WI
53168,WI
53583,WI
53080,WI
54976,WI
54559,WI
54560,WI
54561,WI
54977,WI
54476,WI
53584,WI
54165,WI
53585,WI
54166,WI
53081,WI
53082,WI
53083,WI
53085,WI
54169,WI
54170,WI
53586,WI
53170,WI
53824,WI
54234,WI
53086,WI
53171,WI
53172,WI
53587,WI
54479,WI
53176,WI
53588,WI
54480,WI
54481,WI
54482,WI
54492,WI
53825,WI
53088,WI
53589,WI
54484,WI
54235,WI
53177,WI
54173,WI
53178,WI
54485,WI
53590,WI
53596,WI
54174,WI
53089,WI
53091,WI
53092,WI
53097,WI
54562,WI
54486,WI
54978,WI
54240,WI
54487,WI
54532,WI
54563,WI
54175,WI
53102,WI
53179,WI
54564,WI
53181,WI
54241,WI
53962,WI
53182,WI
54488,WI
54245,WI
54979,WI
54489,WI
54566,WI
53093,WI
53183,WI
53184,WI
54246,WI
53185,WI
53594,WI
53094,WI
53098,WI
54980,WI
53146,WI
53151,WI
53186,WI
53187,WI
53188,WI
53189,WI
53597,WI
54981,WI
53963,WI
54401,WI
54402,WI
54403,WI
54177,WI
54982,WI
53826,WI
53090,WI
53095,WI
54490,WI
53964,WI
54983,WI
54491,WI
54247,WI
53190,WI
54984,WI
54493,WI
53191,WI
53192,WI
53598,WI
54985,WI
54986,WI
53965,WI
54494,WI
54495,WI
54498,WI
54432,WI
54499,WI
53968,WI
53599,WI
53099,WI
54568,WI
53194,WI
54180,WI
53969,WI
53195,WI
53199,WI
53244,WI
