07675,NJ
07677,NJ
07885,NJ
07981,NJ
07999,NJ
08888,NJ
08889,NJ
07095,NJ
07481,NJ
07820,NJ
07401,NJ
07620,NJ
07821,NJ
08801,NJ
08802,NJ
07822,NJ
07001,NJ
08803,NJ
07920,NJ
07939,NJ
07002,NJ
07921,NJ
07823,NJ
07621,NJ
07922,NJ
07924,NJ
07825,NJ
07003,NJ
07403,NJ
08804,NJ
07005,NJ
08805,NJ
07826,NJ
07827,NJ
07890,NJ
08807,NJ
08808,NJ
07926,NJ
07828,NJ
07405,NJ
07829,NJ
07004,NJ
07006,NJ
07007,NJ
07830,NJ
07008,NJ
07009,NJ
07927,NJ
07831,NJ
07928,NJ
07930,NJ
07010,NJ
07011,NJ
07012,NJ
07013,NJ
07014,NJ
07015,NJ
08809,NJ
07624,NJ
07832,NJ
07016,NJ
07626,NJ
08810,NJ
07833,NJ
07627,NJ
07834,NJ
07801,NJ
07802,NJ
07803,NJ
07806,NJ
07869,NJ
07628,NJ
08812,NJ
08816,NJ
07936,NJ
07017,NJ
07018,NJ
07019,NJ
07020,NJ
08817,NJ
08818,NJ
08820,NJ
08837,NJ
08899,NJ
07201,NJ
07202,NJ
07203,NJ
07204,NJ
07205,NJ
07206,NJ
07207,NJ
07208,NJ
07407,NJ
07630,NJ
07631,NJ
07632,NJ
07021,NJ
07410,NJ
07022,NJ
07023,NJ
07931,NJ
08821,NJ
07836,NJ
08822,NJ
07932,NJ
07024,NJ
07416,NJ
07417,NJ
08823,NJ
08825,NJ
07026,NJ
07027,NJ
07933,NJ
07934,NJ
07837,NJ
08826,NJ
07028,NJ
07418,NJ
07838,NJ
07839,NJ
07935,NJ
07601,NJ
07602,NJ
07603,NJ
07604,NJ
07605,NJ
07606,NJ
07607,NJ
07608,NJ
07699,NJ
07840,NJ
07419,NJ
08827,NJ
07640,NJ
07029,NJ
07420,NJ
07641,NJ
08828,NJ
07421,NJ
07842,NJ
08829,NJ
07422,NJ
08844,NJ
07642,NJ
07676,NJ
07030,NJ
07423,NJ
07843,NJ
07844,NJ
07845,NJ
08830,NJ
08831,NJ
07097,NJ
07302,NJ
07303,NJ
07304,NJ
07305,NJ
07306,NJ
07307,NJ
07308,NJ
07310,NJ
07311,NJ
07395,NJ
07399,NJ
07846,NJ
07031,NJ
07032,NJ
07099,NJ
08832,NJ
08824,NJ
07033,NJ
07847,NJ
07848,NJ
07034,NJ
07849,NJ
07850,NJ
07851,NJ
08833,NJ
07852,NJ
07938,NJ
07035,NJ
07036,NJ
07424,NJ
07643,NJ
08834,NJ
07039,NJ
07644,NJ
07853,NJ
07428,NJ
07940,NJ
07430,NJ
07495,NJ
08835,NJ
07040,NJ
08836,NJ
07945,NJ
08840,NJ
08846,NJ
07855,NJ
07432,NJ
08848,NJ
07041,NJ
07946,NJ
08850,NJ
08852,NJ
07042,NJ
07043,NJ
07044,NJ
07645,NJ
07045,NJ
07950,NJ
07960,NJ
07961,NJ
07962,NJ
07963,NJ
07046,NJ
07856,NJ
07970,NJ
08853,NJ
07857,NJ
07101,NJ
07102,NJ
07103,NJ
07104,NJ
07105,NJ
07106,NJ
07107,NJ
07108,NJ
07109,NJ
07110,NJ
07111,NJ
07112,NJ
07114,NJ
07175,NJ
07184,NJ
07188,NJ
07189,NJ
07191,NJ
07192,NJ
07193,NJ
07195,NJ
07198,NJ
07199,NJ
08901,NJ
08902,NJ
08903,NJ
08904,NJ
08905,NJ
08906,NJ
08933,NJ
08989,NJ
07435,NJ
07646,NJ
07974,NJ
07860,NJ
07976,NJ
07047,NJ
07647,NJ
07648,NJ
07436,NJ
07438,NJ
07439,NJ
08857,NJ
08858,NJ
07649,NJ
07050,NJ
07051,NJ
07052,NJ
07863,NJ
07650,NJ
07652,NJ
07653,NJ
07656,NJ
08859,NJ
07054,NJ
07055,NJ
07057,NJ
07501,NJ
07502,NJ
07503,NJ
07504,NJ
07505,NJ
07506,NJ
07507,NJ
07508,NJ
07509,NJ
07510,NJ
07511,NJ
07512,NJ
07513,NJ
07514,NJ
07522,NJ
07524,NJ
07533,NJ
07538,NJ
07543,NJ
07544,NJ
07977,NJ
07440,NJ
08861,NJ
08862,NJ
08863,NJ
08865,NJ
07058,NJ
08854,NJ
08855,NJ
08867,NJ
07059,NJ
07060,NJ
07061,NJ
07062,NJ
07063,NJ
07069,NJ
07978,NJ
07442,NJ
07444,NJ
07865,NJ
07064,NJ
07979,NJ
08868,NJ
07065,NJ
07066,NJ
07067,NJ
07446,NJ
08869,NJ
08870,NJ
07657,NJ
07660,NJ
07450,NJ
07451,NJ
07452,NJ
07456,NJ
07457,NJ
07661,NJ
07662,NJ
07663,NJ
07866,NJ
07068,NJ
07070,NJ
07071,NJ
07072,NJ
07073,NJ
07074,NJ
07075,NJ
07458,NJ
08871,NJ
08872,NJ
07870,NJ
07076,NJ
07094,NJ
07096,NJ
07077,NJ
07078,NJ
08873,NJ
08875,NJ
08890,NJ
08876,NJ
08879,NJ
08880,NJ
07079,NJ
07080,NJ
08882,NJ
07871,NJ
08884,NJ
07081,NJ
07874,NJ
08885,NJ
08886,NJ
07875,NJ
07980,NJ
07460,NJ
07876,NJ
07901,NJ
07902,NJ
07461,NJ
07877,NJ
07878,NJ
07666,NJ
07670,NJ
08887,NJ
07082,NJ
07879,NJ
07083,NJ
07086,NJ
07087,NJ
07088,NJ
07462,NJ
07880,NJ
07463,NJ
07881,NJ
07465,NJ
07882,NJ
07470,NJ
07474,NJ
07090,NJ
07091,NJ
07092,NJ
07480,NJ
07093,NJ
08201,NJ
08205,NJ
07710,NJ
07711,NJ
08501,NJ
08720,NJ
08001,NJ
07712,NJ
08004,NJ
08401,NJ
08402,NJ
08403,NJ
08404,NJ
08405,NJ
08406,NJ
07716,NJ
08202,NJ
07717,NJ
08005,NJ
08006,NJ
08007,NJ
08721,NJ
08008,NJ
08722,NJ
07718,NJ
08502,NJ
07715,NJ
07719,NJ
08009,NJ
08010,NJ
08011,NJ
08012,NJ
08504,NJ
08505,NJ
07720,NJ
08723,NJ
08724,NJ
08014,NJ
08302,NJ
08730,NJ
08203,NJ
08015,NJ
08310,NJ
08016,NJ
08101,NJ
08102,NJ
08103,NJ
08104,NJ
08105,NJ
08106,NJ
08107,NJ
08108,NJ
08109,NJ
08110,NJ
08204,NJ
08210,NJ
08212,NJ
08018,NJ
08311,NJ
08019,NJ
08002,NJ
08003,NJ
08034,NJ
08020,NJ
08510,NJ
08526,NJ
08312,NJ
08021,NJ
07721,NJ
08213,NJ
07722,NJ
08022,NJ
08511,NJ
08512,NJ
08514,NJ
08515,NJ
07723,NJ
08023,NJ
08313,NJ
08314,NJ
08214,NJ
08315,NJ
08316,NJ
08317,NJ
07724,NJ
07799,NJ
08215,NJ
08318,NJ
08217,NJ
07726,NJ
08319,NJ
08025,NJ
08320,NJ
07727,NJ
08518,NJ
08731,NJ
08321,NJ
08322,NJ
07728,NJ
08026,NJ
08027,NJ
08028,NJ
08029,NJ
08030,NJ
08218,NJ
08219,NJ
08323,NJ
08032,NJ
08033,NJ
08035,NJ
08036,NJ
08037,NJ
08038,NJ
08039,NJ
07730,NJ
08324,NJ
07732,NJ
08520,NJ
07733,NJ
08525,NJ
07731,NJ
08732,NJ
08527,NJ
08041,NJ
08042,NJ
07734,NJ
07735,NJ
08528,NJ
08043,NJ
08733,NJ
08759,NJ
08701,NJ
08530,NJ
08326,NJ
08734,NJ
08735,NJ
08045,NJ
08220,NJ
08327,NJ
07737,NJ
07738,NJ
08221,NJ
07739,NJ
07740,NJ
08048,NJ
08049,NJ
08328,NJ
08050,NJ
08736,NJ
08738,NJ
08051,NJ
08052,NJ
07746,NJ
08053,NJ
08223,NJ
07747,NJ
08329,NJ
08330,NJ
08055,NJ
08056,NJ
07748,NJ
08332,NJ
08340,NJ
08341,NJ
08342,NJ
07750,NJ
08343,NJ
08057,NJ
07751,NJ
08059,NJ
08060,NJ
08054,NJ
08061,NJ
08062,NJ
08063,NJ
07752,NJ
07753,NJ
07754,NJ
08533,NJ
08344,NJ
08224,NJ
08064,NJ
08345,NJ
08346,NJ
08347,NJ
08739,NJ
08225,NJ
07755,NJ
08226,NJ
08740,NJ
07756,NJ
07757,NJ
08230,NJ
08231,NJ
08065,NJ
08066,NJ
08067,NJ
08068,NJ
08534,NJ
08069,NJ
08070,NJ
08535,NJ
08741,NJ
08071,NJ
08536,NJ
08232,NJ
08234,NJ
08742,NJ
08240,NJ
08348,NJ
07758,NJ
08349,NJ
08241,NJ
08540,NJ
08541,NJ
08542,NJ
08543,NJ
08544,NJ
08550,NJ
08072,NJ
08073,NJ
07701,NJ
07702,NJ
07703,NJ
07704,NJ
07709,NJ
08350,NJ
08074,NJ
08551,NJ
08242,NJ
08075,NJ
08076,NJ
08077,NJ
08553,NJ
08554,NJ
08555,NJ
08556,NJ
08352,NJ
07760,NJ
08078,NJ
08079,NJ
08750,NJ
08243,NJ
08751,NJ
08752,NJ
08557,NJ
08080,NJ
08353,NJ
08081,NJ
08558,NJ
08083,NJ
08244,NJ
08245,NJ
08031,NJ
08099,NJ
08246,NJ
07762,NJ
08559,NJ
08247,NJ
08084,NJ
08248,NJ
08085,NJ
07763,NJ
08086,NJ
08560,NJ
08753,NJ
08754,NJ
08755,NJ
08756,NJ
08757,NJ
08601,NJ
08602,NJ
08603,NJ
08604,NJ
08605,NJ
08606,NJ
08607,NJ
08608,NJ
08609,NJ
08610,NJ
08611,NJ
08618,NJ
08619,NJ
08620,NJ
08625,NJ
08628,NJ
08629,NJ
08638,NJ
08640,NJ
08641,NJ
08645,NJ
08646,NJ
08647,NJ
08648,NJ
08650,NJ
08666,NJ
08690,NJ
08691,NJ
08695,NJ
08250,NJ
08087,NJ
08251,NJ
08088,NJ
08360,NJ
08361,NJ
08362,NJ
08758,NJ
08089,NJ
08090,NJ
08091,NJ
08092,NJ
07764,NJ
08093,NJ
08252,NJ
07765,NJ
08260,NJ
08094,NJ
08046,NJ
08561,NJ
08095,NJ
08270,NJ
08096,NJ
08097,NJ
08098,NJ
08562,NJ
07182,NJ
07194,NJ
07309,NJ
07477,NJ
07983,NJ
08922,NJ
08988,NJ
