47102,IN
47104,IN
47601,IN
47106,IN
47107,IN
47108,IN
47610,IN
47111,IN
47611,IN
47112,IN
47114,IN
47612,IN
47115,IN
47116,IN
47613,IN
47647,IN
47117,IN
47118,IN
47123,IN
47174,IN
47175,IN
47701,IN
47702,IN
47703,IN
47704,IN
47705,IN
47706,IN
47708,IN
47710,IN
47711,IN
47712,IN
47713,IN
47714,IN
47715,IN
47716,IN
47719,IN
47720,IN
47721,IN
47722,IN
47724,IN
47725,IN
47728,IN
47730,IN
47731,IN
47732,IN
47733,IN
47734,IN
47735,IN
47736,IN
47737,IN
47740,IN
47747,IN
47750,IN
47119,IN
47614,IN
47648,IN
47649,IN
47120,IN
47122,IN
47615,IN
47124,IN
47616,IN
47125,IN
47617,IN
47639,IN
47640,IN
47126,IN
47177,IN
47618,IN
47129,IN
47130,IN
47131,IN
47132,IN
47133,IN
47134,IN
47144,IN
47190,IN
47199,IN
47135,IN
47136,IN
47137,IN
47138,IN
47139,IN
47619,IN
47654,IN
47140,IN
47141,IN
47110,IN
47142,IN
47143,IN
47145,IN
47146,IN
47620,IN
47147,IN
47150,IN
47151,IN
47629,IN
47630,IN
47631,IN
47160,IN
47161,IN
47162,IN
47660,IN
47163,IN
47665,IN
47164,IN
47666,IN
47165,IN
47633,IN
47670,IN
47166,IN
47634,IN
47635,IN
47167,IN
47170,IN
47172,IN
47683,IN
47637,IN
47638,IN
47001,IN
47006,IN
47010,IN
47012,IN
47016,IN
47017,IN
47018,IN
47019,IN
47020,IN
47021,IN
47022,IN
47060,IN
47023,IN
47024,IN
47025,IN
47030,IN
47031,IN
47032,IN
47033,IN
47034,IN
47035,IN
47036,IN
47037,IN
47038,IN
47039,IN
47040,IN
47041,IN
47042,IN
47011,IN
47043,IN
47003,IN
46102,IN
46910,IN
47916,IN
47320,IN
46701,IN
46001,IN
47917,IN
46911,IN
46103,IN
46011,IN
46012,IN
46013,IN
46014,IN
46015,IN
46016,IN
46017,IN
46018,IN
46702,IN
46703,IN
46030,IN
46704,IN
46501,IN
46104,IN
46705,IN
46912,IN
46031,IN
47918,IN
46502,IN
46706,IN
46710,IN
47420,IN
46105,IN
46106,IN
47920,IN
47421,IN
46107,IN
47322,IN
46711,IN
46769,IN
46301,IN
47512,IN
47573,IN
46713,IN
47513,IN
47580,IN
47831,IN
47424,IN
47832,IN
47401,IN
47402,IN
47403,IN
47404,IN
47405,IN
47406,IN
47407,IN
47408,IN
47464,IN
46714,IN
46110,IN
46302,IN
47324,IN
47921,IN
46504,IN
47833,IN
47834,IN
46506,IN
47836,IN
46913,IN
46507,IN
47515,IN
47922,IN
46111,IN
47923,IN
46112,IN
47220,IN
47325,IN
47516,IN
47326,IN
47924,IN
47925,IN
46914,IN
46508,IN
46915,IN
47926,IN
46916,IN
46721,IN
47223,IN
47327,IN
46113,IN
46917,IN
47224,IN
47519,IN
47514,IN
47520,IN
47574,IN
47576,IN
47837,IN
47838,IN
46032,IN
46033,IN
46082,IN
46115,IN
47928,IN
46303,IN
47521,IN
47840,IN
47330,IN
47929,IN
46117,IN
46304,IN
46723,IN
46034,IN
47225,IN
47930,IN
47841,IN
46510,IN
46118,IN
47426,IN
47226,IN
47842,IN
46120,IN
47427,IN
47845,IN
46121,IN
46035,IN
46725,IN
47201,IN
47202,IN
47203,IN
47227,IN
47331,IN
46919,IN
47228,IN
46730,IN
47846,IN
47932,IN
46731,IN
47522,IN
47933,IN
47934,IN
47935,IN
47936,IN
47937,IN
47938,IN
47939,IN
46732,IN
47229,IN
46307,IN
46308,IN
46511,IN
46920,IN
47523,IN
47334,IN
47847,IN
46122,IN
46123,IN
47940,IN
47941,IN
46733,IN
47524,IN
46921,IN
46922,IN
46923,IN
46310,IN
46926,IN
47230,IN
47525,IN
46513,IN
47335,IN
47527,IN
47848,IN
47336,IN
47337,IN
47231,IN
46311,IN
47942,IN
46312,IN
47338,IN
47339,IN
46124,IN
47528,IN
47232,IN
47236,IN
46514,IN
46515,IN
46516,IN
46517,IN
47429,IN
47529,IN
46036,IN
46125,IN
46524,IN
47849,IN
46126,IN
46928,IN
47943,IN
46127,IN
47850,IN
47340,IN
47532,IN
46128,IN
46037,IN
46038,IN
46085,IN
47234,IN
46929,IN
47851,IN
46039,IN
46040,IN
46801,IN
46802,IN
46803,IN
46804,IN
46805,IN
46806,IN
46807,IN
46808,IN
46809,IN
46814,IN
46815,IN
46816,IN
46818,IN
46819,IN
46825,IN
46835,IN
46845,IN
46850,IN
46851,IN
46852,IN
46853,IN
46854,IN
46855,IN
46856,IN
46857,IN
46858,IN
46859,IN
46860,IN
46861,IN
46862,IN
46863,IN
46864,IN
46865,IN
46866,IN
46867,IN
46868,IN
46869,IN
46885,IN
46895,IN
46896,IN
46897,IN
46898,IN
46899,IN
47341,IN
46129,IN
46130,IN
47944,IN
47984,IN
47986,IN
46930,IN
47946,IN
46041,IN
46131,IN
46162,IN
46044,IN
47431,IN
47535,IN
47235,IN
47249,IN
46737,IN
47432,IN
46931,IN
46932,IN
46738,IN
46401,IN
46402,IN
46403,IN
46404,IN
46405,IN
46406,IN
46407,IN
46408,IN
46409,IN
46410,IN
46411,IN
46933,IN
47342,IN
46740,IN
47537,IN
46133,IN
47948,IN
46526,IN
46527,IN
46528,IN
47433,IN
46741,IN
46530,IN
47852,IN
46135,IN
46140,IN
47344,IN
47240,IN
47261,IN
47345,IN
46936,IN
46142,IN
46143,IN
46319,IN
46531,IN
46144,IN
47346,IN
46742,IN
46532,IN
46320,IN
46321,IN
46322,IN
46323,IN
46324,IN
46325,IN
46327,IN
46340,IN
47243,IN
46743,IN
47853,IN
47434,IN
47348,IN
47244,IN
47245,IN
46341,IN
47435,IN
47436,IN
46937,IN
47949,IN
47988,IN
47854,IN
46745,IN
46342,IN
46047,IN
47541,IN
47246,IN
46746,IN
46747,IN
46748,IN
47542,IN
46750,IN
47437,IN
47855,IN
47950,IN
46201,IN
46202,IN
46203,IN
46204,IN
46205,IN
46206,IN
46207,IN
46208,IN
46209,IN
46211,IN
46214,IN
46216,IN
46217,IN
46218,IN
46219,IN
46220,IN
46221,IN
46222,IN
46223,IN
46224,IN
46225,IN
46226,IN
46227,IN
46228,IN
46229,IN
46230,IN
46231,IN
46234,IN
46235,IN
46236,IN
46237,IN
46239,IN
46240,IN
46241,IN
46242,IN
46244,IN
46247,IN
46249,IN
46250,IN
46251,IN
46253,IN
46254,IN
46255,IN
46256,IN
46259,IN
46260,IN
46262,IN
46266,IN
46268,IN
46274,IN
46275,IN
46277,IN
46278,IN
46280,IN
46282,IN
46283,IN
46285,IN
46290,IN
46291,IN
46295,IN
46296,IN
46298,IN
46048,IN
47545,IN
46147,IN
47438,IN
47546,IN
47547,IN
47549,IN
46938,IN
47247,IN
46049,IN
46755,IN
47351,IN
47951,IN
46935,IN
46939,IN
46759,IN
46760,IN
47952,IN
46345,IN
46346,IN
46050,IN
46148,IN
47857,IN
46534,IN
46901,IN
46902,IN
46903,IN
46904,IN
47439,IN
46347,IN
46348,IN
47954,IN
47901,IN
47902,IN
47903,IN
47904,IN
47905,IN
47906,IN
47907,IN
47909,IN
47996,IN
46940,IN
46761,IN
46941,IN
46942,IN
46349,IN
46536,IN
47531,IN
47536,IN
47550,IN
46763,IN
46537,IN
46051,IN
46350,IN
46352,IN
46764,IN
46052,IN
46538,IN
46945,IN
46765,IN
47551,IN
46355,IN
47858,IN
47352,IN
47353,IN
46766,IN
46946,IN
46767,IN
47552,IN
47955,IN
47441,IN
46149,IN
46947,IN
47553,IN
47354,IN
46356,IN
46950,IN
47355,IN
47443,IN
46055,IN
46951,IN
47250,IN
46146,IN
46150,IN
47556,IN
46952,IN
46953,IN
46770,IN
46056,IN
47859,IN
46151,IN
46957,IN
46154,IN
47860,IN
47957,IN
47260,IN
47958,IN
46539,IN
47861,IN
46958,IN
46360,IN
46361,IN
46057,IN
46540,IN
47356,IN
47445,IN
46542,IN
46365,IN
46543,IN
46156,IN
47357,IN
46544,IN
46545,IN
46546,IN
47446,IN
47358,IN
46771,IN
47959,IN
46772,IN
47557,IN
46773,IN
46157,IN
46960,IN
46968,IN
47862,IN
47558,IN
47960,IN
47962,IN
47359,IN
47360,IN
46158,IN
46160,IN
47963,IN
46161,IN
47964,IN
47361,IN
46058,IN
47302,IN
47303,IN
47304,IN
47305,IN
47306,IN
47307,IN
47308,IN
46550,IN
47448,IN
47449,IN
46552,IN
47362,IN
47863,IN
46774,IN
47366,IN
47965,IN
46163,IN
46553,IN
47263,IN
47966,IN
47967,IN
47968,IN
47969,IN
46164,IN
46060,IN
46061,IN
46062,IN
47264,IN
46366,IN
46554,IN
46943,IN
46962,IN
46165,IN
47265,IN
46555,IN
46556,IN
46965,IN
47561,IN
47367,IN
47562,IN
46967,IN
47451,IN
46063,IN
46776,IN
47452,IN
46561,IN
46777,IN
47970,IN
47564,IN
47453,IN
47971,IN
47454,IN
46166,IN
47270,IN
47368,IN
47455,IN
47865,IN
46064,IN
47369,IN
47974,IN
47370,IN
46959,IN
46961,IN
46970,IN
46971,IN
47567,IN
46778,IN
46562,IN
47866,IN
47975,IN
46167,IN
46168,IN
47568,IN
46779,IN
46780,IN
46563,IN
47868,IN
46781,IN
46368,IN
47371,IN
47381,IN
47869,IN
47870,IN
46782,IN
46170,IN
47456,IN
47373,IN
46171,IN
47977,IN
47978,IN
47980,IN
47374,IN
47375,IN
47380,IN
47871,IN
46172,IN
46974,IN
46783,IN
46975,IN
46977,IN
47830,IN
47872,IN
46371,IN
46784,IN
47981,IN
47874,IN
46372,IN
46065,IN
46978,IN
46155,IN
46173,IN
46175,IN
46979,IN
47575,IN
47875,IN
46785,IN
46373,IN
47876,IN
47577,IN
47272,IN
47578,IN
46374,IN
47579,IN
47382,IN
46375,IN
46376,IN
47273,IN
47457,IN
46067,IN
47878,IN
47383,IN
46980,IN
47274,IN
46068,IN
47879,IN
46377,IN
46176,IN
47880,IN
46069,IN
46565,IN
47384,IN
47581,IN
46982,IN
47458,IN
47459,IN
46984,IN
46601,IN
46613,IN
46614,IN
46615,IN
46616,IN
46617,IN
46619,IN
46624,IN
46626,IN
46628,IN
46634,IN
46635,IN
46637,IN
46660,IN
46680,IN
46699,IN
46786,IN
46787,IN
47460,IN
46788,IN
47385,IN
47386,IN
47462,IN
47584,IN
47463,IN
46985,IN
47982,IN
47881,IN
47585,IN
46180,IN
47983,IN
47387,IN
46789,IN
47882,IN
47388,IN
46379,IN
46070,IN
46986,IN
46987,IN
47465,IN
46567,IN
47280,IN
47586,IN
47801,IN
47802,IN
47803,IN
47804,IN
47805,IN
47807,IN
47808,IN
47809,IN
47811,IN
47812,IN
46381,IN
46071,IN
46570,IN
46045,IN
46072,IN
46571,IN
46181,IN
47588,IN
47467,IN
46988,IN
46572,IN
47390,IN
46791,IN
46382,IN
47468,IN
47884,IN
46989,IN
46990,IN
47281,IN
46383,IN
46384,IN
46385,IN
46991,IN
47987,IN
47590,IN
47282,IN
47591,IN
46992,IN
46573,IN
46182,IN
46574,IN
46994,IN
46390,IN
46792,IN
46580,IN
46581,IN
46582,IN
47501,IN
46793,IN
47989,IN
46794,IN
47990,IN
47392,IN
47469,IN
46074,IN
47991,IN
46995,IN
46183,IN
47596,IN
47992,IN
47283,IN
47885,IN
46391,IN
46380,IN
46392,IN
47597,IN
46393,IN
46184,IN
46075,IN
46394,IN
46186,IN
47470,IN
47393,IN
47993,IN
46996,IN
47394,IN
46076,IN
47994,IN
46590,IN
47598,IN
47995,IN
46795,IN
46796,IN
46797,IN
47471,IN
46595,IN
47997,IN
46798,IN
47396,IN
46998,IN
46799,IN
46077,IN
46604,IN
46620,IN
47430,IN
47490,IN
47727,IN
47739,IN
47741,IN
47744,IN
47856,IN
47864,IN
