61230,IL
61231,IL
61232,IL
61233,IL
61234,IL
61258,IL
61235,IL
61236,IL
61237,IL
61238,IL
61239,IL
61240,IL
61241,IL
61242,IL
61243,IL
61244,IL
61250,IL
61251,IL
61252,IL
61254,IL
61256,IL
61257,IL
61259,IL
61260,IL
61261,IL
61262,IL
61263,IL
61264,IL
61265,IL
61266,IL
61270,IL
61272,IL
61273,IL
61274,IL
61275,IL
61276,IL
61277,IL
61278,IL
61279,IL
61201,IL
61204,IL
61299,IL
61281,IL
61282,IL
61283,IL
61284,IL
61285,IL
60002,IL
61001,IL
60004,IL
60005,IL
60006,IL
60007,IL
60008,IL
60009,IL
61006,IL
61007,IL
60010,IL
60011,IL
61008,IL
60089,IL
61010,IL
61011,IL
61012,IL
60013,IL
61013,IL
61014,IL
61015,IL
61016,IL
60290,IL
60012,IL
60014,IL
60039,IL
61018,IL
61019,IL
61020,IL
60015,IL
60016,IL
60017,IL
60018,IL
60019,IL
61021,IL
61024,IL
61025,IL
61027,IL
61028,IL
60201,IL
60202,IL
60203,IL
60204,IL
60208,IL
60209,IL
61030,IL
60020,IL
60021,IL
61031,IL
61032,IL
61036,IL
61037,IL
61038,IL
61039,IL
60022,IL
60025,IL
60026,IL
60029,IL
60030,IL
60031,IL
61041,IL
61042,IL
60001,IL
60033,IL
60034,IL
60035,IL
60037,IL
60040,IL
61043,IL
60041,IL
60042,IL
60043,IL
61044,IL
60044,IL
60045,IL
60046,IL
60047,IL
61046,IL
61047,IL
61048,IL
60048,IL
60069,IL
61049,IL
61050,IL
60050,IL
60051,IL
61051,IL
61052,IL
60053,IL
61053,IL
61054,IL
60056,IL
60060,IL
60061,IL
61057,IL
61059,IL
60062,IL
60065,IL
60064,IL
60086,IL
60088,IL
61060,IL
61061,IL
60038,IL
60055,IL
60067,IL
60074,IL
60078,IL
60094,IL
60095,IL
60068,IL
61062,IL
61063,IL
61064,IL
61065,IL
60070,IL
60071,IL
61067,IL
60072,IL
61068,IL
61070,IL
61071,IL
61101,IL
61102,IL
61103,IL
61104,IL
61105,IL
61106,IL
61107,IL
61108,IL
61109,IL
61110,IL
61111,IL
61112,IL
61114,IL
61115,IL
61125,IL
61126,IL
61130,IL
61131,IL
61132,IL
61072,IL
61073,IL
60073,IL
60075,IL
61074,IL
61075,IL
61077,IL
61078,IL
61079,IL
60076,IL
60077,IL
61080,IL
60081,IL
61081,IL
61084,IL
61085,IL
60082,IL
60083,IL
61087,IL
60084,IL
60079,IL
60085,IL
60087,IL
60090,IL
60091,IL
61088,IL
60093,IL
61089,IL
60096,IL
60097,IL
60098,IL
61091,IL
60099,IL
61410,IL
61411,IL
60101,IL
61412,IL
60102,IL
60156,IL
61413,IL
61468,IL
61414,IL
61310,IL
61720,IL
61312,IL
61721,IL
60910,IL
61722,IL
60911,IL
61501,IL
61723,IL
60502,IL
60503,IL
60504,IL
60505,IL
60506,IL
60507,IL
60568,IL
60572,IL
60598,IL
61415,IL
61416,IL
60103,IL
60107,IL
60133,IL
60510,IL
60539,IL
60912,IL
60401,IL
61724,IL
60104,IL
60105,IL
60106,IL
61516,IL
61417,IL
60402,IL
61418,IL
60511,IL
61419,IL
61313,IL
61420,IL
61475,IL
60108,IL
60117,IL
61701,IL
61702,IL
61704,IL
61705,IL
61709,IL
61710,IL
61791,IL
61799,IL
60406,IL
60913,IL
60914,IL
60407,IL
61421,IL
60915,IL
60408,IL
61517,IL
60512,IL
60513,IL
61519,IL
60917,IL
60918,IL
61314,IL
61315,IL
60109,IL
61422,IL
60919,IL
60409,IL
61423,IL
61424,IL
60920,IL
61520,IL
60116,IL
60122,IL
60128,IL
60132,IL
60188,IL
60197,IL
60199,IL
61725,IL
61425,IL
60110,IL
61426,IL
61316,IL
60410,IL
60921,IL
60922,IL
61726,IL
61317,IL
60499,IL
60411,IL
60412,IL
60415,IL
61523,IL
60924,IL
60111,IL
60514,IL
60926,IL
60927,IL
61727,IL
60416,IL
61728,IL
61318,IL
61729,IL
61730,IL
61319,IL
60112,IL
60928,IL
60113,IL
60417,IL
61731,IL
61427,IL
60929,IL
61428,IL
61320,IL
61321,IL
60930,IL
61732,IL
61733,IL
60115,IL
61734,IL
61322,IL
61735,IL
60419,IL
60931,IL
61323,IL
60515,IL
60516,IL
60517,IL
61736,IL
60118,IL
61524,IL
61525,IL
60420,IL
60518,IL
61430,IL
60932,IL
61526,IL
61528,IL
60119,IL
61324,IL
60120,IL
60121,IL
60123,IL
60124,IL
60170,IL
60933,IL
61431,IL
61737,IL
60126,IL
61529,IL
61738,IL
60421,IL
60934,IL
60519,IL
60129,IL
60935,IL
61530,IL
61739,IL
61432,IL
61531,IL
61433,IL
61740,IL
60422,IL
61532,IL
60130,IL
61741,IL
60599,IL
60423,IL
60131,IL
60176,IL
61401,IL
61402,IL
61434,IL
60424,IL
60134,IL
60135,IL
60936,IL
60136,IL
60938,IL
61436,IL
61437,IL
61533,IL
60137,IL
60138,IL
60139,IL
60425,IL
61742,IL
61438,IL
60939,IL
61325,IL
60940,IL
61326,IL
61743,IL
61534,IL
61744,IL
61535,IL
60140,IL
61536,IL
60426,IL
60428,IL
60429,IL
61439,IL
61327,IL
61537,IL
60941,IL
61745,IL
60520,IL
60141,IL
60521,IL
60522,IL
60523,IL
60527,IL
60561,IL
60430,IL
60942,IL
61747,IL
60944,IL
61748,IL
60142,IL
61440,IL
61441,IL
60945,IL
60143,IL
60403,IL
60404,IL
60431,IL
60432,IL
60433,IL
60434,IL
60435,IL
60436,IL
60144,IL
60901,IL
61328,IL
61442,IL
60946,IL
61749,IL
61443,IL
60145,IL
61539,IL
60437,IL
60146,IL
61447,IL
61448,IL
61540,IL
61329,IL
61449,IL
60147,IL
60525,IL
60526,IL
61450,IL
61330,IL
61750,IL
60438,IL
61541,IL
61301,IL
61451,IL
61751,IL
60530,IL
61331,IL
60531,IL
60439,IL
60440,IL
60490,IL
61332,IL
61752,IL
61542,IL
61753,IL
60532,IL
61452,IL
61453,IL
61543,IL
60441,IL
60446,IL
60491,IL
60948,IL
61454,IL
60148,IL
61544,IL
61333,IL
61334,IL
61545,IL
60949,IL
60534,IL
61754,IL
61335,IL
61755,IL
61455,IL
61336,IL
61337,IL
60150,IL
60442,IL
61546,IL
61338,IL
60950,IL
60151,IL
61547,IL
61458,IL
60152,IL
61459,IL
61340,IL
61756,IL
61341,IL
60951,IL
60443,IL
60153,IL
60154,IL
60155,IL
60444,IL
61460,IL
60157,IL
60160,IL
60161,IL
60162,IL
60163,IL
60164,IL
60165,IL
60952,IL
61342,IL
61758,IL
61548,IL
60445,IL
60953,IL
60536,IL
60537,IL
61344,IL
61759,IL
61760,IL
60447,IL
60448,IL
60954,IL
60449,IL
61435,IL
61462,IL
60538,IL
60450,IL
61550,IL
61552,IL
60540,IL
60563,IL
60564,IL
60565,IL
60566,IL
60567,IL
61345,IL
60541,IL
61346,IL
60451,IL
61465,IL
61761,IL
61790,IL
61553,IL
60542,IL
61466,IL
60452,IL
60453,IL
60454,IL
60455,IL
60456,IL
60457,IL
60458,IL
60459,IL
60301,IL
60302,IL
60303,IL
60304,IL
60305,IL
60460,IL
61348,IL
61349,IL
60461,IL
60955,IL
61467,IL
61469,IL
60462,IL
60467,IL
60543,IL
61350,IL
60463,IL
60464,IL
60956,IL
60466,IL
60484,IL
61353,IL
60957,IL
61554,IL
61555,IL
61558,IL
61601,IL
61602,IL
61603,IL
61604,IL
61605,IL
61606,IL
61607,IL
61610,IL
61611,IL
61612,IL
61613,IL
61614,IL
61615,IL
61616,IL
61625,IL
61629,IL
61630,IL
61633,IL
61634,IL
61635,IL
61636,IL
61637,IL
61638,IL
61639,IL
61641,IL
61643,IL
61650,IL
61651,IL
61652,IL
61653,IL
61654,IL
61655,IL
61656,IL
60468,IL
61354,IL
60959,IL
60544,IL
60585,IL
60586,IL
60545,IL
61764,IL
60469,IL
61470,IL
61356,IL
61559,IL
61560,IL
60960,IL
60470,IL
61471,IL
60961,IL
60471,IL
61472,IL
60171,IL
60546,IL
61561,IL
60472,IL
60962,IL
61562,IL
61473,IL
60963,IL
61358,IL
60958,IL
60964,IL
61474,IL
60174,IL
60175,IL
61563,IL
60548,IL
61769,IL
61770,IL
60159,IL
60168,IL
60169,IL
60172,IL
60173,IL
60179,IL
60192,IL
60193,IL
60194,IL
60195,IL
60196,IL
61476,IL
61359,IL
61771,IL
61360,IL
60549,IL
60550,IL
61361,IL
60966,IL
60551,IL
61772,IL
61773,IL
61477,IL
61478,IL
60552,IL
60177,IL
60473,IL
61564,IL
60474,IL
61565,IL
61479,IL
61362,IL
61363,IL
61774,IL
60475,IL
60553,IL
60967,IL
61775,IL
61311,IL
61364,IL
61480,IL
61367,IL
60554,IL
60501,IL
60178,IL
61482,IL
60968,IL
60476,IL
60477,IL
60478,IL
60487,IL
61368,IL
61369,IL
61370,IL
61567,IL
61483,IL
61776,IL
61568,IL
61371,IL
61569,IL
61372,IL
60180,IL
60969,IL
61373,IL
61374,IL
61375,IL
61484,IL
60479,IL
61485,IL
60181,IL
61486,IL
61376,IL
61777,IL
60555,IL
60183,IL
61570,IL
61571,IL
61488,IL
60556,IL
60970,IL
60184,IL
61778,IL
60557,IL
60973,IL
61377,IL
61378,IL
60185,IL
60186,IL
60558,IL
60559,IL
60187,IL
60189,IL
61489,IL
60480,IL
60481,IL
60190,IL
60191,IL
60399,IL
61490,IL
60974,IL
60465,IL
60482,IL
61379,IL
61491,IL
61572,IL
60560,IL
60601,IL
60602,IL
60603,IL
60604,IL
60605,IL
60606,IL
60607,IL
60608,IL
60609,IL
60610,IL
60611,IL
60612,IL
60613,IL
60614,IL
60615,IL
60616,IL
60617,IL
60618,IL
60619,IL
60620,IL
60621,IL
60622,IL
60623,IL
60624,IL
60625,IL
60626,IL
60628,IL
60629,IL
60630,IL
60631,IL
60632,IL
60633,IL
60634,IL
60636,IL
60637,IL
60638,IL
60639,IL
60640,IL
60641,IL
60642,IL
60643,IL
60644,IL
60645,IL
60646,IL
60647,IL
60649,IL
60651,IL
60652,IL
60653,IL
60654,IL
60655,IL
60656,IL
60657,IL
60659,IL
60660,IL
60661,IL
60664,IL
60666,IL
60668,IL
60669,IL
60670,IL
60673,IL
60674,IL
60675,IL
60677,IL
60678,IL
60680,IL
60681,IL
60682,IL
60684,IL
60685,IL
60686,IL
60687,IL
60688,IL
60689,IL
60690,IL
60691,IL
60693,IL
60694,IL
60695,IL
60696,IL
60697,IL
60699,IL
60701,IL
60706,IL
60707,IL
60712,IL
60714,IL
60803,IL
60804,IL
60805,IL
60827,IL
62214,IL
62215,IL
62806,IL
62833,IL
62843,IL
62601,IL
62001,IL
62410,IL
61810,IL
62807,IL
62610,IL
62411,IL
62002,IL
62905,IL
61811,IL
62906,IL
62413,IL
61910,IL
62611,IL
62501,IL
61812,IL
61911,IL
62612,IL
62808,IL
61912,IL
62510,IL
62613,IL
61913,IL
62615,IL
62311,IL
62344,IL
62907,IL
62216,IL
62217,IL
62312,IL
62218,IL
62313,IL
62006,IL
62617,IL
62314,IL
62618,IL
62512,IL
62219,IL
62414,IL
62444,IL
62908,IL
62810,IL
62220,IL
62221,IL
62222,IL
62223,IL
62225,IL
62226,IL
62811,IL
61813,IL
62009,IL
62812,IL
62010,IL
61914,IL
62011,IL
61814,IL
62513,IL
62621,IL
62622,IL
62814,IL
62909,IL
61815,IL
62815,IL
62816,IL
62514,IL
62316,IL
62230,IL
62417,IL
62012,IL
61816,IL
61917,IL
62910,IL
62817,IL
62624,IL
62818,IL
62418,IL
62013,IL
62819,IL
62515,IL
62517,IL
62912,IL
62014,IL
62820,IL
62015,IL
62914,IL
62419,IL
61919,IL
62915,IL
62319,IL
62916,IL
62320,IL
62625,IL
62901,IL
62902,IL
62903,IL
62626,IL
62231,IL
62821,IL
62917,IL
62016,IL
62918,IL
62321,IL
62420,IL
62232,IL
61817,IL
62919,IL
62801,IL
61818,IL
62323,IL
61820,IL
61821,IL
61822,IL
61824,IL
61825,IL
61826,IL
62627,IL
62628,IL
61920,IL
62629,IL
62233,IL
62630,IL
62518,IL
61924,IL
62822,IL
61830,IL
62823,IL
62421,IL
62824,IL
62324,IL
62325,IL
62920,IL
62825,IL
62017,IL
62326,IL
62234,IL
61831,IL
62921,IL
62236,IL
62329,IL
62631,IL
62519,IL
62018,IL
62237,IL
62422,IL
62922,IL
62827,IL
62238,IL
62923,IL
62828,IL
62829,IL
62330,IL
61925,IL
61832,IL
61833,IL
61834,IL
62520,IL
62521,IL
62522,IL
62523,IL
62524,IL
62525,IL
62526,IL
61839,IL
62924,IL
61840,IL
62424,IL
62530,IL
62830,IL
62926,IL
62019,IL
62021,IL
62022,IL
62927,IL
62831,IL
62425,IL
62239,IL
62832,IL
62023,IL
62024,IL
62240,IL
62633,IL
62201,IL
62202,IL
62203,IL
62204,IL
62205,IL
62206,IL
62207,IL
62208,IL
62928,IL
62426,IL
62531,IL
62025,IL
62026,IL
62401,IL
62930,IL
62027,IL
62931,IL
62634,IL
62932,IL
62241,IL
62028,IL
62334,IL
62532,IL
62635,IL
62834,IL
62933,IL
62835,IL
62934,IL
62242,IL
62836,IL
62809,IL
62837,IL
61841,IL
62838,IL
61842,IL
62533,IL
62336,IL
62030,IL
62031,IL
62032,IL
62534,IL
61843,IL
61844,IL
62427,IL
62839,IL
61845,IL
62535,IL
62338,IL
62840,IL
62638,IL
62639,IL
62243,IL
62841,IL
62244,IL
62935,IL
62842,IL
61846,IL
62245,IL
61847,IL
62033,IL
62640,IL
62536,IL
62034,IL
62035,IL
62938,IL
62339,IL
62036,IL
62939,IL
62940,IL
62037,IL
62941,IL
62942,IL
62040,IL
62943,IL
62844,IL
62044,IL
62428,IL
62642,IL
62246,IL
62340,IL
62247,IL
62045,IL
62046,IL
62341,IL
61929,IL
62047,IL
62946,IL
62537,IL
62048,IL
62643,IL
62538,IL
62644,IL
62248,IL
61848,IL
62947,IL
62431,IL
62948,IL
62649,IL
62432,IL
62249,IL
62049,IL
62050,IL
61930,IL
62250,IL
61849,IL
62803,IL
62252,IL
62343,IL
61931,IL
61932,IL
62949,IL
62433,IL
62539,IL
62846,IL
61850,IL
62434,IL
62051,IL
62848,IL
62849,IL
61851,IL
62650,IL
62651,IL
62950,IL
62435,IL
62052,IL
62436,IL
62850,IL
62951,IL
62952,IL
62953,IL
62954,IL
62053,IL
62054,IL
61933,IL
62955,IL
62956,IL
62851,IL
62852,IL
62853,IL
62253,IL
62655,IL
62540,IL
62345,IL
62854,IL
62541,IL
62855,IL
61936,IL
62346,IL
62543,IL
62439,IL
62254,IL
62255,IL
62440,IL
62347,IL
62348,IL
62656,IL
62056,IL
62660,IL
62058,IL
62661,IL
62856,IL
61852,IL
62349,IL
62858,IL
62059,IL
61937,IL
62957,IL
62859,IL
62860,IL
62544,IL
62060,IL
62256,IL
61853,IL
62958,IL
62663,IL
61854,IL
62061,IL
62959,IL
62257,IL
62423,IL
62441,IL
62442,IL
62062,IL
62258,IL
62443,IL
62664,IL
61938,IL
62861,IL
62545,IL
62063,IL
62259,IL
62351,IL
62665,IL
61940,IL
62960,IL
62065,IL
62666,IL
62961,IL
62962,IL
62862,IL
62260,IL
61855,IL
62352,IL
62667,IL
61856,IL
62445,IL
62067,IL
62546,IL
62963,IL
62964,IL
62547,IL
62863,IL
62446,IL
62069,IL
62548,IL
62353,IL
62864,IL
62549,IL
62550,IL
62070,IL
62965,IL
62262,IL
62865,IL
61857,IL
61941,IL
62966,IL
62668,IL
62263,IL
62866,IL
62071,IL
62354,IL
62355,IL
62447,IL
62264,IL
62265,IL
62670,IL
62967,IL
62356,IL
62074,IL
62867,IL
62671,IL
61942,IL
62266,IL
62357,IL
62448,IL
62551,IL
62672,IL
62358,IL
62868,IL
62075,IL
62869,IL
62268,IL
62673,IL
61943,IL
61858,IL
62449,IL
62553,IL
62870,IL
62269,IL
61859,IL
62076,IL
62271,IL
62969,IL
62970,IL
62450,IL
62871,IL
62872,IL
62971,IL
62554,IL
62874,IL
62555,IL
62972,IL
62451,IL
62556,IL
62674,IL
62359,IL
62557,IL
62077,IL
61944,IL
62452,IL
62875,IL
62078,IL
62558,IL
62360,IL
62361,IL
61862,IL
62272,IL
62973,IL
62362,IL
61863,IL
62659,IL
62675,IL
61864,IL
62079,IL
62273,IL
62274,IL
62974,IL
62363,IL
62365,IL
62366,IL
62677,IL
62367,IL
62275,IL
62975,IL
61865,IL
62261,IL
62277,IL
62976,IL
62301,IL
62305,IL
62306,IL
62876,IL
62977,IL
62080,IL
61866,IL
62560,IL
62278,IL
61949,IL
62279,IL
62877,IL
61870,IL
62979,IL
62878,IL
62561,IL
62454,IL
62563,IL
62081,IL
62370,IL
62280,IL
62082,IL
62083,IL
62982,IL
62084,IL
61871,IL
62983,IL
62681,IL
61872,IL
62879,IL
62458,IL
62459,IL
62460,IL
62281,IL
61873,IL
62282,IL
62880,IL
62881,IL
62882,IL
62682,IL
61874,IL
62085,IL
62883,IL
62683,IL
62884,IL
61875,IL
62984,IL
62565,IL
62684,IL
62685,IL
62885,IL
62461,IL
61876,IL
61877,IL
62462,IL
62985,IL
62886,IL
62284,IL
62285,IL
62086,IL
62087,IL
62286,IL
62887,IL
62701,IL
62702,IL
62703,IL
62704,IL
62705,IL
62706,IL
62707,IL
62708,IL
62711,IL
62712,IL
62715,IL
62716,IL
62719,IL
62721,IL
62722,IL
62723,IL
62726,IL
62736,IL
62739,IL
62756,IL
62757,IL
62761,IL
62762,IL
62763,IL
62764,IL
62765,IL
62766,IL
62767,IL
62769,IL
62776,IL
62777,IL
62781,IL
62786,IL
62791,IL
62794,IL
62796,IL
62088,IL
62288,IL
62463,IL
62987,IL
62567,IL
62464,IL
62465,IL
61951,IL
62289,IL
62466,IL
62688,IL
62888,IL
62988,IL
62993,IL
62089,IL
62568,IL
62374,IL
62467,IL
62889,IL
62689,IL
62990,IL
61878,IL
62890,IL
62292,IL
62375,IL
62468,IL
61880,IL
62570,IL
62438,IL
62571,IL
62293,IL
62469,IL
62294,IL
61953,IL
62992,IL
61801,IL
61802,IL
61803,IL
62376,IL
62891,IL
62295,IL
62471,IL
62090,IL
62994,IL
61955,IL
62892,IL
62378,IL
62995,IL
61956,IL
62996,IL
62690,IL
62691,IL
62572,IL
62893,IL
62297,IL
62091,IL
62894,IL
62573,IL
62373,IL
62379,IL
62298,IL
62473,IL
62662,IL
62692,IL
62895,IL
61882,IL
62474,IL
62896,IL
62475,IL
62380,IL
62476,IL
62477,IL
61883,IL
62478,IL
62479,IL
62092,IL
61884,IL
62897,IL
62693,IL
62997,IL
62480,IL
62093,IL
62694,IL
61928,IL
61957,IL
62094,IL
62998,IL
62898,IL
62095,IL
62695,IL
62097,IL
62098,IL
62899,IL
62481,IL
62999,IL
60679,IL
62224,IL
62713,IL
62746,IL
62805,IL
62857,IL
60049,IL
60092,IL
60125,IL
60570,IL
60597,IL
60663,IL
