83210,ID
83311,ID
83312,ID
83211,ID
83212,ID
83213,ID
83214,ID
83420,ID
83217,ID
83602,ID
83218,ID
83313,ID
83215,ID
83221,ID
83314,ID
83223,ID
83601,ID
83701,ID
83702,ID
83703,ID
83704,ID
83705,ID
83706,ID
83707,ID
83708,ID
83709,ID
83711,ID
83712,ID
83713,ID
83714,ID
83715,ID
83716,ID
83717,ID
83719,ID
83720,ID
83722,ID
83724,ID
83725,ID
83726,ID
83728,ID
83729,ID
83731,ID
83732,ID
83735,ID
83756,ID
83799,ID
83604,ID
83316,ID
83318,ID
83605,ID
83606,ID
83607,ID
83610,ID
83643,ID
83320,ID
83462,ID
83611,ID
83321,ID
83226,ID
83229,ID
83421,ID
83227,ID
83228,ID
83612,ID
83232,ID
83323,ID
83615,ID
83234,ID
83422,ID
83423,ID
83446,ID
83616,ID
83325,ID
83235,ID
83617,ID
83322,ID
83327,ID
83328,ID
83236,ID
83237,ID
83619,ID
83622,ID
83637,ID
83238,ID
83239,ID
83463,ID
83623,ID
83633,ID
83330,ID
83337,ID
83241,ID
83283,ID
83624,ID
83626,ID
83332,ID
83333,ID
83348,ID
83425,ID
83627,ID
83334,ID
83335,ID
83336,ID
83628,ID
83629,ID
83670,ID
83244,ID
83630,ID
83631,ID
83666,ID
83401,ID
83402,ID
83403,ID
83404,ID
83405,ID
83406,ID
83415,ID
83632,ID
83245,ID
83427,ID
83428,ID
83429,ID
83433,ID
83338,ID
83340,ID
83341,ID
83634,ID
83246,ID
83464,ID
83465,ID
83431,ID
83635,ID
83638,ID
83671,ID
83250,ID
83251,ID
83243,ID
83252,ID
83342,ID
83639,ID
83253,ID
83641,ID
83434,ID
83642,ID
83646,ID
83680,ID
83644,ID
83645,ID
83435,ID
83220,ID
83254,ID
83255,ID
83256,ID
83647,ID
83648,ID
83650,ID
83344,ID
83651,ID
83652,ID
83653,ID
83686,ID
83687,ID
83436,ID
83654,ID
83636,ID
83655,ID
83466,ID
83469,ID
83656,ID
83346,ID
83657,ID
83233,ID
83261,ID
83438,ID
83660,ID
83347,ID
83661,ID
83262,ID
83277,ID
83201,ID
83202,ID
83203,ID
83204,ID
83205,ID
83206,ID
83209,ID
83263,ID
83440,ID
83441,ID
83460,ID
83349,ID
83442,ID
83443,ID
83444,ID
83271,ID
83343,ID
83350,ID
83445,ID
83272,ID
83287,ID
83467,ID
83274,ID
83324,ID
83352,ID
83230,ID
83276,ID
83285,ID
83278,ID
83669,ID
83448,ID
83353,ID
83354,ID
83281,ID
83449,ID
83468,ID
83450,ID
83451,ID
83424,ID
83452,ID
83301,ID
83302,ID
83303,ID
83454,ID
83455,ID
83672,ID
83355,ID
83286,ID
83676,ID
83677,ID
83520,ID
83801,ID
83802,ID
83803,ID
83804,ID
83805,ID
83806,ID
83808,ID
83810,ID
83811,ID
83813,ID
83814,ID
83815,ID
83816,ID
83821,ID
83522,ID
83533,ID
83523,ID
83524,ID
83548,ID
83823,ID
83824,ID
83825,ID
83826,ID
83525,ID
83827,ID
83526,ID
83812,ID
83830,ID
83832,ID
83530,ID
83531,ID
83833,ID
83842,ID
83834,ID
83835,ID
83836,ID
83535,ID
83536,ID
83837,ID
83537,ID
83839,ID
83539,ID
83841,ID
83540,ID
83541,ID
83501,ID
83542,ID
83843,ID
83844,ID
83845,ID
83846,ID
83847,ID
83865,ID
83543,ID
83848,ID
83544,ID
83849,ID
83545,ID
83546,ID
83850,ID
83851,ID
83547,ID
83840,ID
83852,ID
83853,ID
83854,ID
83877,ID
83855,ID
83822,ID
83856,ID
83857,ID
83858,ID
83549,ID
83809,ID
83860,ID
83861,ID
83864,ID
83866,ID
83867,ID
83868,ID
83869,ID
83552,ID
83870,ID
83871,ID
83872,ID
83873,ID
83874,ID
83553,ID
83554,ID
83555,ID
83876,ID
83721,ID
83727,ID
83730,ID
83733,ID
83757,ID
