79821,TX
75001,TX
75410,TX
75002,TX
75013,TX
75925,TX
75409,TX
75550,TX
75926,TX
75750,TX
75411,TX
75751,TX
75752,TX
75551,TX
75554,TX
75630,TX
75412,TX
75413,TX
75101,TX
75102,TX
75631,TX
75414,TX
75415,TX
75754,TX
75755,TX
75797,TX
75555,TX
75556,TX
75416,TX
75424,TX
75417,TX
75418,TX
75928,TX
75420,TX
75929,TX
75930,TX
75931,TX
75421,TX
75756,TX
75831,TX
75757,TX
75932,TX
75135,TX
75933,TX
75934,TX
75422,TX
75103,TX
75006,TX
75007,TX
75010,TX
75011,TX
75633,TX
75636,TX
75832,TX
75104,TX
75106,TX
75423,TX
75009,TX
75935,TX
75833,TX
75834,TX
75758,TX
75105,TX
75936,TX
75425,TX
75937,TX
75426,TX
75637,TX
75938,TX
75428,TX
75429,TX
75431,TX
75558,TX
75432,TX
75121,TX
75019,TX
75099,TX
75939,TX
75109,TX
75110,TX
75151,TX
75114,TX
75835,TX
75433,TX
75759,TX
75434,TX
75760,TX
75638,TX
75201,TX
75202,TX
75203,TX
75204,TX
75205,TX
75206,TX
75207,TX
75208,TX
75209,TX
75210,TX
75211,TX
75212,TX
75214,TX
75215,TX
75216,TX
75217,TX
75218,TX
75219,TX
75220,TX
75221,TX
75222,TX
75223,TX
75224,TX
75225,TX
75226,TX
75227,TX
75228,TX
75229,TX
75230,TX
75231,TX
75232,TX
75233,TX
75234,TX
75235,TX
75236,TX
75237,TX
75238,TX
75240,TX
75241,TX
75242,TX
75243,TX
75244,TX
75246,TX
75247,TX
75248,TX
75249,TX
75250,TX
75251,TX
75252,TX
75253,TX
75254,TX
75260,TX
75261,TX
75262,TX
75263,TX
75264,TX
75265,TX
75266,TX
75267,TX
75270,TX
75275,TX
75277,TX
75283,TX
75284,TX
75285,TX
75287,TX
75301,TX
75303,TX
75312,TX
75313,TX
75315,TX
75320,TX
75326,TX
75336,TX
75339,TX
75342,TX
75354,TX
75355,TX
75356,TX
75357,TX
75358,TX
75359,TX
75360,TX
75367,TX
75368,TX
75370,TX
75371,TX
75372,TX
75373,TX
75374,TX
75376,TX
75378,TX
75379,TX
75380,TX
75381,TX
75382,TX
75389,TX
75390,TX
75391,TX
75392,TX
75393,TX
75394,TX
75395,TX
75397,TX
75398,TX
75639,TX
75559,TX
75020,TX
75021,TX
75435,TX
75115,TX
75123,TX
75436,TX
75640,TX
75941,TX
75437,TX
75438,TX
75838,TX
75942,TX
75943,TX
75560,TX
75116,TX
75137,TX
75138,TX
75641,TX
75439,TX
75117,TX
75839,TX
75118,TX
75642,TX
75440,TX
75441,TX
75119,TX
75120,TX
75944,TX
75124,TX
75840,TX
75442,TX
75132,TX
75125,TX
75762,TX
75126,TX
75763,TX
75033,TX
75034,TX
75035,TX
75127,TX
75764,TX
75040,TX
75041,TX
75042,TX
75043,TX
75044,TX
75045,TX
75046,TX
75047,TX
75048,TX
75049,TX
75946,TX
75643,TX
75644,TX
75645,TX
75647,TX
75443,TX
75444,TX
75050,TX
75051,TX
75052,TX
75053,TX
75054,TX
75140,TX
75844,TX
75401,TX
75402,TX
75403,TX
75404,TX
75845,TX
75058,TX
75650,TX
75651,TX
75765,TX
75948,TX
75652,TX
75653,TX
75654,TX
75680,TX
75446,TX
75561,TX
75459,TX
75656,TX
75949,TX
75141,TX
75014,TX
75015,TX
75016,TX
75017,TX
75038,TX
75039,TX
75060,TX
75061,TX
75062,TX
75063,TX
75447,TX
75766,TX
75951,TX
75657,TX
75846,TX
75954,TX
75658,TX
75659,TX
75164,TX
75660,TX
75661,TX
75142,TX
75143,TX
75847,TX
75144,TX
75562,TX
75662,TX
75663,TX
75956,TX
75448,TX
75449,TX
75666,TX
75450,TX
75065,TX
75134,TX
75146,TX
75667,TX
75770,TX
75849,TX
75166,TX
75451,TX
75850,TX
75452,TX
75022,TX
75027,TX
75028,TX
75029,TX
75056,TX
75057,TX
75067,TX
75077,TX
75771,TX
75563,TX
75068,TX
75564,TX
75453,TX
75668,TX
75669,TX
75601,TX
75602,TX
75603,TX
75604,TX
75605,TX
75606,TX
75607,TX
75608,TX
75615,TX
75851,TX
75901,TX
75902,TX
75903,TX
75904,TX
75915,TX
75069,TX
75070,TX
75071,TX
75565,TX
75147,TX
75156,TX
75148,TX
75566,TX
75670,TX
75671,TX
75672,TX
75958,TX
75567,TX
75772,TX
75454,TX
75458,TX
75149,TX
75150,TX
75180,TX
75181,TX
75182,TX
75185,TX
75187,TX
75852,TX
75959,TX
75773,TX
75853,TX
75960,TX
75681,TX
75455,TX
75456,TX
75457,TX
75778,TX
75961,TX
75962,TX
75963,TX
75964,TX
75965,TX
75568,TX
75569,TX
75779,TX
75173,TX
75570,TX
75682,TX
75780,TX
75966,TX
75855,TX
75571,TX
75683,TX
75684,TX
75801,TX
75802,TX
75803,TX
75882,TX
75152,TX
75685,TX
75460,TX
75461,TX
75462,TX
75468,TX
75469,TX
75856,TX
75470,TX
75471,TX
75968,TX
75686,TX
75023,TX
75024,TX
75025,TX
75026,TX
75074,TX
75075,TX
75086,TX
75093,TX
75094,TX
75472,TX
75969,TX
75076,TX
75473,TX
75153,TX
75782,TX
75687,TX
75407,TX
75078,TX
75572,TX
75474,TX
75783,TX
75475,TX
75858,TX
75476,TX
75154,TX
75573,TX
75784,TX
75155,TX
75080,TX
75081,TX
75082,TX
75083,TX
75085,TX
75032,TX
75087,TX
75157,TX
75030,TX
75088,TX
75089,TX
75477,TX
75189,TX
75785,TX
75788,TX
75478,TX
75972,TX
75479,TX
75688,TX
75480,TX
75158,TX
75159,TX
75689,TX
75973,TX
75090,TX
75091,TX
75092,TX
75574,TX
75848,TX
75859,TX
75481,TX
75482,TX
75483,TX
75486,TX
75487,TX
75691,TX
75860,TX
75488,TX
75974,TX
75861,TX
75880,TX
75884,TX
75886,TX
75160,TX
75161,TX
75501,TX
75503,TX
75504,TX
75505,TX
75507,TX
75599,TX
75975,TX
75489,TX
75490,TX
75163,TX
75862,TX
75789,TX
75701,TX
75702,TX
75703,TX
75704,TX
75705,TX
75706,TX
75707,TX
75708,TX
75709,TX
75710,TX
75711,TX
75712,TX
75713,TX
75798,TX
75799,TX
75790,TX
75495,TX
75692,TX
75165,TX
75167,TX
75168,TX
75976,TX
75485,TX
75097,TX
75791,TX
75693,TX
75491,TX
75977,TX
75169,TX
75172,TX
75492,TX
75493,TX
75494,TX
75792,TX
75978,TX
75496,TX
75865,TX
75694,TX
75979,TX
75990,TX
75098,TX
75497,TX
75980,TX
79311,TX
79601,TX
79602,TX
79603,TX
79604,TX
79605,TX
79606,TX
79607,TX
79608,TX
79697,TX
79698,TX
79699,TX
79001,TX
79002,TX
76430,TX
76008,TX
79003,TX
76009,TX
76225,TX
79101,TX
79102,TX
79103,TX
79104,TX
79105,TX
79106,TX
79107,TX
79108,TX
79109,TX
79110,TX
79111,TX
79114,TX
79116,TX
79117,TX
79118,TX
79119,TX
79120,TX
79121,TX
79124,TX
79159,TX
79166,TX
79168,TX
79172,TX
79174,TX
79178,TX
79185,TX
79189,TX
79312,TX
79501,TX
79313,TX
76351,TX
76226,TX
76001,TX
76002,TX
76003,TX
76004,TX
76005,TX
76006,TX
76007,TX
76010,TX
76011,TX
76012,TX
76013,TX
76014,TX
76015,TX
76016,TX
76017,TX
76018,TX
76019,TX
76094,TX
76096,TX
76820,TX
79502,TX
76227,TX
76020,TX
76098,TX
79504,TX
76821,TX
76823,TX
76930,TX
76021,TX
76022,TX
76095,TX
76228,TX
76824,TX
79505,TX
76932,TX
79506,TX
76432,TX
79314,TX
76352,TX
76433,TX
79005,TX
79007,TX
79008,TX
79009,TX
76230,TX
76023,TX
76825,TX
76424,TX
76426,TX
79011,TX
76933,TX
76827,TX
79316,TX
79376,TX
76801,TX
76802,TX
76803,TX
76804,TX
76427,TX
79508,TX
76354,TX
76828,TX
76028,TX
76097,TX
79012,TX
76357,TX
79013,TX
76429,TX
79014,TX
79015,TX
79016,TX
76435,TX
76934,TX
76436,TX
76831,TX
79018,TX
79058,TX
76832,TX
76431,TX
79201,TX
79223,TX
79225,TX
79247,TX
76935,TX
76437,TX
79226,TX
79240,TX
79019,TX
76031,TX
76033,TX
79510,TX
79511,TX
76834,TX
76034,TX
76233,TX
79512,TX
76442,TX
79021,TX
76035,TX
79322,TX
76443,TX
79227,TX
76036,TX
79022,TX
79024,TX
79025,TX
76234,TX
76444,TX
76439,TX
76201,TX
76202,TX
76203,TX
76204,TX
76205,TX
76206,TX
76207,TX
76208,TX
76209,TX
76210,TX
79323,TX
76445,TX
79229,TX
79027,TX
79230,TX
76836,TX
79231,TX
76446,TX
79029,TX
79516,TX
79031,TX
76448,TX
76837,TX
79032,TX
76936,TX
76360,TX
76452,TX
79324,TX
76937,TX
76238,TX
79233,TX
76039,TX
76040,TX
79033,TX
79325,TX
79235,TX
79517,TX
79034,TX
76239,TX
76041,TX
76841,TX
76101,TX
76102,TX
76103,TX
76104,TX
76105,TX
76106,TX
76107,TX
76108,TX
76109,TX
76110,TX
76111,TX
76112,TX
76113,TX
76114,TX
76115,TX
76116,TX
76117,TX
76118,TX
76119,TX
76120,TX
76121,TX
76122,TX
76123,TX
76124,TX
76126,TX
76127,TX
76129,TX
76130,TX
76131,TX
76132,TX
76133,TX
76134,TX
76135,TX
76136,TX
76137,TX
76140,TX
76147,TX
76148,TX
76150,TX
76155,TX
76161,TX
76162,TX
76163,TX
76164,TX
76166,TX
76177,TX
76179,TX
76180,TX
76181,TX
76182,TX
76185,TX
76191,TX
76192,TX
76193,TX
76195,TX
76196,TX
76197,TX
76198,TX
76199,TX
76842,TX
79035,TX
79036,TX
76240,TX
76241,TX
79518,TX
76043,TX
76044,TX
79519,TX
76844,TX
76453,TX
76245,TX
76363,TX
76454,TX
76845,TX
76449,TX
76450,TX
76048,TX
76049,TX
76050,TX
76051,TX
76092,TX
76099,TX
76246,TX
79039,TX
79040,TX
76455,TX
79236,TX
79041,TX
79520,TX
79042,TX
79094,TX
76364,TX
79043,TX
79044,TX
79521,TX
76052,TX
79525,TX
79237,TX
76365,TX
79045,TX
79085,TX
79526,TX
76848,TX
76457,TX
79046,TX
76366,TX
76053,TX
76054,TX
79329,TX
76367,TX
79527,TX
76055,TX
76458,TX
79528,TX
76459,TX
76058,TX
76849,TX
76247,TX
76369,TX
76059,TX
76244,TX
76248,TX
76060,TX
76939,TX
79529,TX
79052,TX
76249,TX
79239,TX
79331,TX
79530,TX
79053,TX
79054,TX
79336,TX
79338,TX
76061,TX
76250,TX
76461,TX
76462,TX
79056,TX
79326,TX
79339,TX
79221,TX
79241,TX
76852,TX
76853,TX
76854,TX
79342,TX
79532,TX
79343,TX
76460,TX
76855,TX
79401,TX
79402,TX
79403,TX
79404,TX
79406,TX
79407,TX
79408,TX
79409,TX
79410,TX
79411,TX
79412,TX
79413,TX
79414,TX
79415,TX
79416,TX
79423,TX
79424,TX
79430,TX
79452,TX
79453,TX
79457,TX
79464,TX
79490,TX
79491,TX
79493,TX
79499,TX
79533,TX
79243,TX
79534,TX
79057,TX
76063,TX
79344,TX
79535,TX
76856,TX
79244,TX
76857,TX
76064,TX
79345,TX
76370,TX
76858,TX
79245,TX
76859,TX
76940,TX
79536,TX
76941,TX
79059,TX
76065,TX
76861,TX
76862,TX
76066,TX
76067,TX
76068,TX
76463,TX
79061,TX
76251,TX
76464,TX
76465,TX
79062,TX
79346,TX
76252,TX
79347,TX
76864,TX
76371,TX
76253,TX
79063,TX
76070,TX
76071,TX
76372,TX
79350,TX
76255,TX
79537,TX
76865,TX
79538,TX
79539,TX
79351,TX
76373,TX
76466,TX
79540,TX
76374,TX
79064,TX
79541,TX
76943,TX
79248,TX
76866,TX
76484,TX
76467,TX
79065,TX
79066,TX
79068,TX
76073,TX
76485,TX
79353,TX
76486,TX
79070,TX
79093,TX
79250,TX
76377,TX
76258,TX
79355,TX
79072,TX
79073,TX
76259,TX
76869,TX
76487,TX
79330,TX
79356,TX
76870,TX
76468,TX
76469,TX
79251,TX
79252,TX
79255,TX
76077,TX
79357,TX
76470,TX
76078,TX
76871,TX
76261,TX
76093,TX
76471,TX
76262,TX
79220,TX
79256,TX
76945,TX
79543,TX
76872,TX
79544,TX
76873,TX
76874,TX
79358,TX
79545,TX
76263,TX
79546,TX
76875,TX
79547,TX
79548,TX
76264,TX
76265,TX
76901,TX
76902,TX
76903,TX
76904,TX
76905,TX
76906,TX
76908,TX
76909,TX
79078,TX
76266,TX
76877,TX
76878,TX
76472,TX
76379,TX
79359,TX
79360,TX
76380,TX
79363,TX
79077,TX
79079,TX
76474,TX
76949,TX
79257,TX
79080,TX
79364,TX
79366,TX
76267,TX
79367,TX
79549,TX
79550,TX
76950,TX
76481,TX
76268,TX
79258,TX
79369,TX
79081,TX
79082,TX
76082,TX
79370,TX
79503,TX
79553,TX
76880,TX
76401,TX
76402,TX
76951,TX
79083,TX
79051,TX
79084,TX
76475,TX
79371,TX
79372,TX
79086,TX
76270,TX
79556,TX
79560,TX
79373,TX
76882,TX
76883,TX
79259,TX
76953,TX
79087,TX
76483,TX
76271,TX
76476,TX
79561,TX
79088,TX
79234,TX
79261,TX
79562,TX
79563,TX
79091,TX
76884,TX
76888,TX
76885,TX
76272,TX
76955,TX
79010,TX
79092,TX
76084,TX
76886,TX
76384,TX
76385,TX
76887,TX
76957,TX
76958,TX
76085,TX
76086,TX
76087,TX
76088,TX
76388,TX
79377,TX
79095,TX
79378,TX
79565,TX
79096,TX
79097,TX
79379,TX
76273,TX
79380,TX
76490,TX
76301,TX
76302,TX
76305,TX
76306,TX
76307,TX
76308,TX
76309,TX
76310,TX
76311,TX
79098,TX
79381,TX
79383,TX
76389,TX
79566,TX
79567,TX
79382,TX
76491,TX
76890,TX
77326,TX
77411,TX
77412,TX
77511,TX
77512,TX
77514,TX
77830,TX
77875,TX
77515,TX
77516,TX
77518,TX
77413,TX
77519,TX
77404,TX
77414,TX
77520,TX
77521,TX
77522,TX
77523,TX
77417,TX
77657,TX
77701,TX
77702,TX
77703,TX
77704,TX
77705,TX
77706,TX
77707,TX
77708,TX
77709,TX
77710,TX
77713,TX
77720,TX
77725,TX
77726,TX
77831,TX
77401,TX
77402,TX
77418,TX
77419,TX
77420,TX
77422,TX
77833,TX
77834,TX
77611,TX
77423,TX
77801,TX
77802,TX
77803,TX
77805,TX
77806,TX
77807,TX
77808,TX
77612,TX
77835,TX
77836,TX
77837,TX
77415,TX
77530,TX
77426,TX
77613,TX
77838,TX
77327,TX
77328,TX
77531,TX
77331,TX
77428,TX
77840,TX
77841,TX
77842,TX
77843,TX
77844,TX
77845,TX
77850,TX
77301,TX
77302,TX
77303,TX
77304,TX
77305,TX
77306,TX
77384,TX
77385,TX
77532,TX
77410,TX
77429,TX
77433,TX
77533,TX
77332,TX
77430,TX
77534,TX
77431,TX
77432,TX
77535,TX
77852,TX
77536,TX
77538,TX
77614,TX
77539,TX
77853,TX
77333,TX
77334,TX
77434,TX
77435,TX
77436,TX
77437,TX
77440,TX
77615,TX
77855,TX
77856,TX
77616,TX
77541,TX
77542,TX
77545,TX
77546,TX
77549,TX
77441,TX
77547,TX
77550,TX
77551,TX
77552,TX
77553,TX
77554,TX
77555,TX
77442,TX
77857,TX
77443,TX
77335,TX
77619,TX
77444,TX
77622,TX
77560,TX
77561,TX
77859,TX
77445,TX
77623,TX
77562,TX
77624,TX
77563,TX
77447,TX
77315,TX
77001,TX
77002,TX
77003,TX
77004,TX
77005,TX
77006,TX
77007,TX
77008,TX
77009,TX
77010,TX
77011,TX
77012,TX
77013,TX
77014,TX
77015,TX
77016,TX
77017,TX
77018,TX
77019,TX
77020,TX
77021,TX
77022,TX
77023,TX
77024,TX
77025,TX
77026,TX
77027,TX
77028,TX
77029,TX
77030,TX
77031,TX
77032,TX
77033,TX
77034,TX
77035,TX
77036,TX
77037,TX
77038,TX
77039,TX
77040,TX
77041,TX
77042,TX
77043,TX
77044,TX
77045,TX
77046,TX
77047,TX
77048,TX
77049,TX
77050,TX
77051,TX
77052,TX
77053,TX
77054,TX
77055,TX
77056,TX
77057,TX
77058,TX
77059,TX
77060,TX
77061,TX
77062,TX
77063,TX
77064,TX
77065,TX
77066,TX
77067,TX
77068,TX
77069,TX
77070,TX
77071,TX
77072,TX
77073,TX
77074,TX
77075,TX
77076,TX
77077,TX
77078,TX
77079,TX
77080,TX
77081,TX
77082,TX
77083,TX
77084,TX
77085,TX
77086,TX
77087,TX
77088,TX
77089,TX
77090,TX
77091,TX
77092,TX
77093,TX
77094,TX
77095,TX
77096,TX
77098,TX
77099,TX
77201,TX
77202,TX
77203,TX
77204,TX
77205,TX
77206,TX
77207,TX
77208,TX
77209,TX
77210,TX
77212,TX
77213,TX
77215,TX
77216,TX
77217,TX
77218,TX
77219,TX
77220,TX
77221,TX
77222,TX
77223,TX
77224,TX
77225,TX
77226,TX
77227,TX
77228,TX
77229,TX
77230,TX
77231,TX
77233,TX
77234,TX
77235,TX
77236,TX
77237,TX
77238,TX
77240,TX
77241,TX
77242,TX
77243,TX
77244,TX
77245,TX
77248,TX
77249,TX
77251,TX
77252,TX
77253,TX
77254,TX
77255,TX
77256,TX
77257,TX
77258,TX
77259,TX
77261,TX
77262,TX
77263,TX
77265,TX
77266,TX
77267,TX
77268,TX
77269,TX
77270,TX
77271,TX
77272,TX
77273,TX
77274,TX
77275,TX
77277,TX
77279,TX
77280,TX
77282,TX
77284,TX
77287,TX
77288,TX
77289,TX
77290,TX
77291,TX
77292,TX
77293,TX
77297,TX
77299,TX
77336,TX
77564,TX
77325,TX
77338,TX
77339,TX
77345,TX
77346,TX
77347,TX
77396,TX
77448,TX
77320,TX
77340,TX
77341,TX
77342,TX
77343,TX
77344,TX
77348,TX
77349,TX
77861,TX
77449,TX
77450,TX
77491,TX
77492,TX
77493,TX
77494,TX
77565,TX
77451,TX
77452,TX
77625,TX
77862,TX
77566,TX
77568,TX
77453,TX
77571,TX
77572,TX
77573,TX
77574,TX
77350,TX
77575,TX
77454,TX
77577,TX
77351,TX
77399,TX
77455,TX
77863,TX
77864,TX
77353,TX
77354,TX
77355,TX
77578,TX
77456,TX
77865,TX
77457,TX
77626,TX
77458,TX
77866,TX
77459,TX
77489,TX
77580,TX
77316,TX
77356,TX
77867,TX
77460,TX
77868,TX
77627,TX
77461,TX
77870,TX
77357,TX
77358,TX
77629,TX
77871,TX
77872,TX
77359,TX
77463,TX
77360,TX
77630,TX
77631,TX
77632,TX
77639,TX
77464,TX
77465,TX
77501,TX
77502,TX
77503,TX
77504,TX
77505,TX
77506,TX
77507,TX
77508,TX
77466,TX
77581,TX
77584,TX
77588,TX
77467,TX
77362,TX
77363,TX
77468,TX
77364,TX
77640,TX
77641,TX
77642,TX
77643,TX
77617,TX
77650,TX
77365,TX
77651,TX
77446,TX
77582,TX
77873,TX
77406,TX
77407,TX
77469,TX
77367,TX
77470,TX
77368,TX
77471,TX
77583,TX
77369,TX
77655,TX
77473,TX
77510,TX
77517,TX
77585,TX
77586,TX
77474,TX
77371,TX
77475,TX
77876,TX
77656,TX
77476,TX
77878,TX
77879,TX
77659,TX
77587,TX
77372,TX
77373,TX
77379,TX
77380,TX
77381,TX
77382,TX
77383,TX
77386,TX
77387,TX
77388,TX
77389,TX
77391,TX
77393,TX
77660,TX
77477,TX
77497,TX
77661,TX
77478,TX
77479,TX
77487,TX
77496,TX
77498,TX
77480,TX
77590,TX
77591,TX
77592,TX
77374,TX
77481,TX
77337,TX
77375,TX
77377,TX
77482,TX
77662,TX
77670,TX
77663,TX
77376,TX
77483,TX
77484,TX
77485,TX
77597,TX
77664,TX
77880,TX
77598,TX
77881,TX
77486,TX
77488,TX
77882,TX
77318,TX
77378,TX
77665,TX
76621,TX
79713,TX
78101,TX
78330,TX
78516,TX
78332,TX
78333,TX
78342,TX
79830,TX
79831,TX
79832,TX
79714,TX
76622,TX
78335,TX
78336,TX
78338,TX
78827,TX
78002,TX
73301,TX
73344,TX
78701,TX
78702,TX
78703,TX
78704,TX
78705,TX
78708,TX
78709,TX
78710,TX
78711,TX
78712,TX
78713,TX
78714,TX
78715,TX
78716,TX
78717,TX
78718,TX
78719,TX
78720,TX
78721,TX
78722,TX
78723,TX
78724,TX
78725,TX
78726,TX
78727,TX
78728,TX
78729,TX
78730,TX
78731,TX
78732,TX
78733,TX
78734,TX
78735,TX
78736,TX
78737,TX
78738,TX
78739,TX
78741,TX
78742,TX
78744,TX
78745,TX
78746,TX
78747,TX
78748,TX
78749,TX
78750,TX
78751,TX
78752,TX
78753,TX
78754,TX
78755,TX
78756,TX
78757,TX
78758,TX
78759,TX
78760,TX
78761,TX
78762,TX
78763,TX
78764,TX
78765,TX
78766,TX
78767,TX
78768,TX
78769,TX
78772,TX
78773,TX
78774,TX
78778,TX
78779,TX
78780,TX
78781,TX
78783,TX
78785,TX
78789,TX
78799,TX
77950,TX
76623,TX
76624,TX
79718,TX
78003,TX
78339,TX
78828,TX
79719,TX
76511,TX
78602,TX
78829,TX
78340,TX
78102,TX
78104,TX
78604,TX
76513,TX
78341,TX
78107,TX
78605,TX
79834,TX
78005,TX
79720,TX
79721,TX
78830,TX
78343,TX
78606,TX
78931,TX
76626,TX
77951,TX
78607,TX
76627,TX
78004,TX
78006,TX
78015,TX
78832,TX
76628,TX
76629,TX
78608,TX
78520,TX
78521,TX
78522,TX
78523,TX
78526,TX
76630,TX
78344,TX
78609,TX
76518,TX
78610,TX
76519,TX
78611,TX
76631,TX
78007,TX
76520,TX
78008,TX
78833,TX
79835,TX
78932,TX
78834,TX
78009,TX
78056,TX
78836,TX
78933,TX
78612,TX
78613,TX
78630,TX
78010,TX
78347,TX
78011,TX
76632,TX
76633,TX
78012,TX
78108,TX
76634,TX
76644,TX
79836,TX
78934,TX
78935,TX
78943,TX
78535,TX
78013,TX
78837,TX
78851,TX
78838,TX
78349,TX
78109,TX
76635,TX
76522,TX
78401,TX
78402,TX
78403,TX
78404,TX
78405,TX
78406,TX
78407,TX
78408,TX
78409,TX
78410,TX
78411,TX
78412,TX
78413,TX
78414,TX
78415,TX
78416,TX
78417,TX
78418,TX
78419,TX
78426,TX
78427,TX
78460,TX
78463,TX
78465,TX
78466,TX
78467,TX
78468,TX
78469,TX
78472,TX
78480,TX
78614,TX
78001,TX
78014,TX
78615,TX
76636,TX
79730,TX
79731,TX
76637,TX
76638,TX
78839,TX
77954,TX
78616,TX
76523,TX
76639,TX
79837,TX
79847,TX
78536,TX
78840,TX
78841,TX
78842,TX
78843,TX
78847,TX
78617,TX
78016,TX
78850,TX
78017,TX
78537,TX
78618,TX
78619,TX
78620,TX
78351,TX
78852,TX
78853,TX
78538,TX
76524,TX
78539,TX
78540,TX
78541,TX
78542,TX
77957,TX
78352,TX
78621,TX
78860,TX
78938,TX
78112,TX
76640,TX
79901,TX
79902,TX
79903,TX
79904,TX
79905,TX
79906,TX
79907,TX
79908,TX
79910,TX
79911,TX
79912,TX
79913,TX
79914,TX
79915,TX
79916,TX
79917,TX
79918,TX
79920,TX
79922,TX
79923,TX
79924,TX
79925,TX
79926,TX
79927,TX
79928,TX
79929,TX
79930,TX
79931,TX
79932,TX
79934,TX
79935,TX
79936,TX
79937,TX
79938,TX
79940,TX
79941,TX
79942,TX
79943,TX
79944,TX
79945,TX
79946,TX
79947,TX
79948,TX
79949,TX
79950,TX
79951,TX
79952,TX
79953,TX
79954,TX
79955,TX
79958,TX
79960,TX
79961,TX
79968,TX
79976,TX
79978,TX
79980,TX
79990,TX
79995,TX
79996,TX
79997,TX
79998,TX
79999,TX
88510,TX
88511,TX
88512,TX
88513,TX
88514,TX
88515,TX
88516,TX
88517,TX
88518,TX
88519,TX
88520,TX
88521,TX
88523,TX
88524,TX
88525,TX
88526,TX
88527,TX
88528,TX
88529,TX
88530,TX
88531,TX
88532,TX
88533,TX
88534,TX
88535,TX
88536,TX
88538,TX
88539,TX
88540,TX
88541,TX
88542,TX
88543,TX
88544,TX
88545,TX
88546,TX
88547,TX
88548,TX
88549,TX
88550,TX
88553,TX
88554,TX
88555,TX
88556,TX
88557,TX
88558,TX
88559,TX
88560,TX
88561,TX
88562,TX
88563,TX
88565,TX
88566,TX
88567,TX
88568,TX
88569,TX
88570,TX
88571,TX
88572,TX
88573,TX
88574,TX
88575,TX
88576,TX
88577,TX
88578,TX
88579,TX
88580,TX
88581,TX
88582,TX
88583,TX
88584,TX
88585,TX
88586,TX
88587,TX
88588,TX
88589,TX
88590,TX
88595,TX
78543,TX
78019,TX
78353,TX
76525,TX
79838,TX
78545,TX
78355,TX
78113,TX
77960,TX
78940,TX
78622,TX
78623,TX
76526,TX
78941,TX
76527,TX
78114,TX
79733,TX
79734,TX
79839,TX
79735,TX
78021,TX
77961,TX
78624,TX
78357,TX
76641,TX
78358,TX
79738,TX
77962,TX
78547,TX
79739,TX
79758,TX
76528,TX
76596,TX
76597,TX
76598,TX
76599,TX
78626,TX
78627,TX
78628,TX
78633,TX
78022,TX
78115,TX
78942,TX
78111,TX
78116,TX
79741,TX
77963,TX
78629,TX
78658,TX
79742,TX
76530,TX
78359,TX
76642,TX
78548,TX
78360,TX
77964,TX
76531,TX
78549,TX
78550,TX
78551,TX
78552,TX
78553,TX
78631,TX
78632,TX
78361,TX
76533,TX
78023,TX
76643,TX
78557,TX
76645,TX
78117,TX
77967,TX
76534,TX
78861,TX
76648,TX
78024,TX
78634,TX
78635,TX
79743,TX
78944,TX
77968,TX
78362,TX
78025,TX
79744,TX
76649,TX
76650,TX
76651,TX
76537,TX
78636,TX
76538,TX
78026,TX
78118,TX
76539,TX
78027,TX
78119,TX
78125,TX
79745,TX
78028,TX
78029,TX
76540,TX
76541,TX
76542,TX
76543,TX
76544,TX
76547,TX
76548,TX
76549,TX
78638,TX
78639,TX
78363,TX
78364,TX
78870,TX
79748,TX
76652,TX
76653,TX
78640,TX
78558,TX
78039,TX
78559,TX
78945,TX
78560,TX
76550,TX
78871,TX
78872,TX
78040,TX
78041,TX
78042,TX
78043,TX
78044,TX
78045,TX
78046,TX
78049,TX
77969,TX
78561,TX
78121,TX
78562,TX
77970,TX
78873,TX
78641,TX
78645,TX
78646,TX
78946,TX
78122,TX
78050,TX
79749,TX
76654,TX
78947,TX
78642,TX
78948,TX
78563,TX
76554,TX
78643,TX
78644,TX
77971,TX
78564,TX
76655,TX
78565,TX
78566,TX
78567,TX
76656,TX
78568,TX
78648,TX
78569,TX
78052,TX
78501,TX
78502,TX
78503,TX
78504,TX
78505,TX
79740,TX
79752,TX
78650,TX
77973,TX
76657,TX
78651,TX
78123,TX
78054,TX
76660,TX
78652,TX
78653,TX
79842,TX
78654,TX
78657,TX
79843,TX
78124,TX
76661,TX
76664,TX
78655,TX
78350,TX
78368,TX
78656,TX
78055,TX
79754,TX
78570,TX
76665,TX
76666,TX
76667,TX
77974,TX
79755,TX
79701,TX
79702,TX
79703,TX
79704,TX
79705,TX
79706,TX
79707,TX
79708,TX
79710,TX
79711,TX
79712,TX
76556,TX
76670,TX
78369,TX
78572,TX
78573,TX
78574,TX
79756,TX
76557,TX
78057,TX
76671,TX
77975,TX
76558,TX
78058,TX
76673,TX
78949,TX
78059,TX
78130,TX
78131,TX
78132,TX
78133,TX
78135,TX
78950,TX
78140,TX
76559,TX
78141,TX
78142,TX
79759,TX
77976,TX
78951,TX
78370,TX
79760,TX
79761,TX
79762,TX
79763,TX
79764,TX
79765,TX
79766,TX
79768,TX
79769,TX
76561,TX
78371,TX
78575,TX
78372,TX
79770,TX
78659,TX
78143,TX
78144,TX
78145,TX
78061,TX
79772,TX
78062,TX
76564,TX
76676,TX
78576,TX
79776,TX
78146,TX
78660,TX
78691,TX
78577,TX
78063,TX
77977,TX
78064,TX
78952,TX
77978,TX
78373,TX
78578,TX
78597,TX
78374,TX
77979,TX
77982,TX
78065,TX
78147,TX
76565,TX
76678,TX
78661,TX
78375,TX
79845,TX
79846,TX
78579,TX
76679,TX
76566,TX
79777,TX
78877,TX
79778,TX
78580,TX
78598,TX
76680,TX
78376,TX
78662,TX
78377,TX
76681,TX
76682,TX
78879,TX
78582,TX
78583,TX
78066,TX
78379,TX
78380,TX
76567,TX
78381,TX
78382,TX
78880,TX
76569,TX
78584,TX
78953,TX
76570,TX
76684,TX
78663,TX
78664,TX
78665,TX
78680,TX
78681,TX
78682,TX
78683,TX
78954,TX
78961,TX
78151,TX
78881,TX
78152,TX
76571,TX
78585,TX
78201,TX
78202,TX
78203,TX
78204,TX
78205,TX
78206,TX
78207,TX
78208,TX
78209,TX
78210,TX
78211,TX
78212,TX
78213,TX
78214,TX
78215,TX
78216,TX
78217,TX
78218,TX
78219,TX
78220,TX
78221,TX
78222,TX
78223,TX
78224,TX
78225,TX
78226,TX
78227,TX
78228,TX
78229,TX
78230,TX
78231,TX
78232,TX
78233,TX
78234,TX
78235,TX
78236,TX
78237,TX
78238,TX
78239,TX
78240,TX
78241,TX
78242,TX
78243,TX
78244,TX
78245,TX
78246,TX
78247,TX
78248,TX
78249,TX
78250,TX
78251,TX
78252,TX
78253,TX
78254,TX
78255,TX
78256,TX
78257,TX
78258,TX
78259,TX
78260,TX
78261,TX
78263,TX
78264,TX
78265,TX
78266,TX
78268,TX
78269,TX
78270,TX
78278,TX
78279,TX
78280,TX
78283,TX
78284,TX
78285,TX
78287,TX
78288,TX
78289,TX
78291,TX
78292,TX
78293,TX
78294,TX
78295,TX
78296,TX
78297,TX
78298,TX
78299,TX
78586,TX
79848,TX
78383,TX
78384,TX
79849,TX
78588,TX
78589,TX
78666,TX
78667,TX
78590,TX
78591,TX
78592,TX
78593,TX
78067,TX
79780,TX
78385,TX
76685,TX
78154,TX
78956,TX
76573,TX
77983,TX
78594,TX
78155,TX
78156,TX
79781,TX
77984,TX
79851,TX
78387,TX
78389,TX
78159,TX
78957,TX
78069,TX
78669,TX
78070,TX
78163,TX
79782,TX
78670,TX
78160,TX
78671,TX
77986,TX
78595,TX
78161,TX
77987,TX
78390,TX
78883,TX
79783,TX
76574,TX
76686,TX
77988,TX
76501,TX
76502,TX
76503,TX
76504,TX
76505,TX
76508,TX
79852,TX
77989,TX
76577,TX
76687,TX
76578,TX
78060,TX
78071,TX
78072,TX
77990,TX
79853,TX
78672,TX
79785,TX
79786,TX
76579,TX
78162,TX
78391,TX
78148,TX
78150,TX
78884,TX
78801,TX
78802,TX
79854,TX
76689,TX
77991,TX
78885,TX
79855,TX
77901,TX
77902,TX
77903,TX
77904,TX
77905,TX
78073,TX
76701,TX
76702,TX
76703,TX
76704,TX
76705,TX
76706,TX
76707,TX
76708,TX
76710,TX
76711,TX
76712,TX
76714,TX
76715,TX
76716,TX
76797,TX
76798,TX
76799,TX
78959,TX
78673,TX
76690,TX
78960,TX
78074,TX
77993,TX
78962,TX
78674,TX
78596,TX
78599,TX
76691,TX
77994,TX
78963,TX
76692,TX
78075,TX
79788,TX
78675,TX
78676,TX
79789,TX
78393,TX
76693,TX
78677,TX
78886,TX
77995,TX
78164,TX
78076,TX
75037,TX
75245,TX
75258,TX
75286,TX
75310,TX
75323,TX
75334,TX
75340,TX
75343,TX
75344,TX
75353,TX
75363,TX
75364,TX
75386,TX
75387,TX
77869,TX
78262,TX
78275,TX
78286,TX
78461,TX
78470,TX
78471,TX
78473,TX
78474,TX
78475,TX
78476,TX
78477,TX
78478,TX
78786,TX
78788,TX
78798,TX
79187,TX
79320,TX
79405,TX
75388,TX
75396,TX
76299,TX
76545,TX
76546,TX
76795,TX
77097,TX
77246,TX
77247,TX
77250,TX
77260,TX
77276,TX
77278,TX
77285,TX
77286,TX
77294,TX
77296,TX
77298,TX
