26030,WV
26031,WV
26032,WV
26033,WV
26034,WV
26035,WV
26036,WV
26037,WV
26038,WV
26039,WV
26040,WV
26041,WV
26047,WV
26050,WV
26056,WV
26055,WV
26058,WV
26059,WV
26060,WV
26062,WV
26070,WV
26074,WV
26003,WV
26075,WV
25606,WV
26210,WV
24910,WV
24943,WV
25501,WV
25572,WV
25810,WV
25002,WV
26320,WV
26321,WV
25003,WV
25607,WV
25811,WV
25005,WV
24808,WV
26323,WV
25812,WV
25502,WV
25007,WV
25180,WV
25234,WV
26520,WV
24916,WV
25503,WV
24712,WV
26325,WV
26704,WV
26705,WV
24811,WV
25608,WV
26801,WV
24918,WV
25011,WV
25504,WV
26559,WV
24813,WV
24920,WV
26707,WV
25813,WV
25801,WV
25802,WV
26250,WV
25015,WV
26133,WV
26134,WV
26656,WV
26298,WV
25411,WV
24815,WV
26253,WV
25019,WV
26136,WV
26141,WV
25505,WV
24816,WV
26137,WV
25021,WV
26610,WV
26521,WV
25022,WV
26817,WV
25024,WV
25026,WV
24701,WV
25028,WV
25817,WV
25030,WV
25031,WV
26254,WV
26268,WV
25818,WV
24817,WV
24715,WV
24724,WV
25506,WV
25544,WV
26802,WV
25666,WV
24818,WV
24834,WV
26524,WV
26330,WV
26525,WV
25611,WV
24924,WV
26201,WV
26267,WV
24716,WV
24726,WV
25033,WV
25413,WV
25440,WV
26710,WV
26335,WV
26615,WV
26561,WV
26562,WV
25035,WV
26855,WV
26161,WV
26337,WV
24925,WV
26660,WV
26338,WV
26208,WV
25820,WV
25036,WV
26662,WV
26711,WV
26823,WV
26563,WV
24927,WV
26527,WV
25039,WV
26611,WV
25507,WV
25508,WV
25301,WV
25302,WV
25303,WV
25304,WV
25305,WV
25306,WV
25309,WV
25311,WV
25312,WV
25313,WV
25314,WV
25315,WV
25317,WV
25320,WV
25321,WV
25322,WV
25323,WV
25324,WV
25325,WV
25326,WV
25327,WV
25328,WV
25329,WV
25330,WV
25331,WV
25332,WV
25333,WV
25334,WV
25335,WV
25336,WV
25337,WV
25338,WV
25339,WV
25350,WV
25356,WV
25357,WV
25358,WV
25360,WV
25361,WV
25362,WV
25364,WV
25365,WV
25375,WV
25387,WV
25389,WV
25392,WV
25396,WV
25414,WV
25040,WV
25958,WV
25665,WV
25667,WV
25235,WV
26804,WV
26301,WV
26302,WV
26306,WV
25043,WV
25044,WV
24822,WV
25045,WV
25047,WV
25823,WV
24823,WV
26257,WV
26566,WV
25049,WV
25825,WV
25614,WV
25826,WV
25051,WV
25239,WV
25264,WV
24719,WV
26206,WV
26342,WV
25827,WV
26205,WV
24931,WV
25669,WV
24826,WV
25510,WV
24827,WV
26259,WV
25831,WV
25832,WV
25053,WV
25617,WV
26260,WV
26142,WV
24828,WV
25054,WV
25057,WV
25670,WV
26531,WV
26714,WV
26217,WV
26617,WV
25671,WV
25059,WV
25048,WV
25060,WV
26667,WV
25061,WV
25062,WV
26263,WV
25063,WV
25064,WV
25511,WV
24934,WV
26264,WV
25067,WV
25512,WV
25836,WV
24829,WV
25672,WV
25837,WV
26716,WV
24830,WV
25070,WV
26143,WV
26717,WV
24831,WV
26241,WV
25071,WV
26346,WV
26568,WV
26203,WV
25075,WV
25076,WV
25241,WV
25839,WV
26554,WV
26555,WV
26570,WV
25079,WV
25419,WV
26571,WV
25840,WV
26202,WV
26818,WV
25841,WV
26621,WV
26347,WV
26348,WV
24935,WV
26719,WV
25514,WV
25081,WV
26572,WV
26623,WV
24938,WV
26807,WV
25082,WV
26218,WV
26219,WV
26146,WV
25083,WV
25515,WV
26349,WV
25243,WV
24941,WV
24984,WV
24836,WV
26624,WV
25085,WV
25115,WV
25244,WV
25517,WV
25420,WV
25843,WV
25621,WV
26671,WV
25245,WV
25086,WV
25088,WV
25844,WV
25090,WV
25845,WV
25421,WV
25846,WV
25936,WV
25848,WV
26351,WV
25849,WV
25520,WV
25093,WV
26720,WV
26354,WV
26147,WV
26574,WV
26534,WV
25422,WV
24915,WV
24944,WV
26722,WV
24945,WV
25521,WV
26361,WV
26222,WV
25423,WV
26269,WV
25523,WV
25102,WV
24839,WV
24869,WV
25103,WV
26270,WV
26296,WV
25851,WV
25410,WV
25425,WV
26362,WV
25247,WV
25524,WV
26366,WV
26627,WV
25427,WV
25853,WV
26224,WV
25106,WV
26271,WV
25624,WV
24843,WV
26369,WV
25107,WV
25108,WV
24729,WV
25854,WV
26808,WV
24946,WV
25855,WV
25951,WV
25625,WV
25109,WV
26372,WV
25110,WV
26575,WV
25701,WV
25702,WV
25703,WV
25704,WV
25705,WV
25706,WV
25707,WV
25708,WV
25709,WV
25710,WV
25711,WV
25712,WV
25713,WV
25714,WV
25715,WV
25716,WV
25717,WV
25718,WV
25719,WV
25720,WV
25721,WV
25722,WV
25723,WV
25724,WV
25725,WV
25726,WV
25727,WV
25728,WV
25729,WV
25755,WV
25770,WV
25771,WV
25772,WV
25773,WV
25774,WV
25775,WV
25776,WV
25777,WV
25778,WV
25779,WV
25526,WV
26273,WV
24844,WV
26576,WV
24845,WV
25111,WV
25112,WV
25428,WV
26376,WV
24847,WV
25113,WV
26377,WV
26378,WV
25114,WV
24848,WV
24849,WV
24850,WV
25857,WV
25529,WV
25969,WV
26275,WV
24851,WV
26228,WV
25430,WV
24731,WV
24732,WV
25231,WV
25248,WV
25530,WV
26276,WV
25674,WV
26675,WV
26726,WV
25534,WV
24853,WV
25118,WV
25119,WV
25152,WV
26578,WV
26519,WV
26537,WV
25628,WV
24855,WV
26731,WV
25121,WV
25860,WV
25862,WV
24714,WV
24733,WV
25535,WV
25864,WV
25251,WV
26676,WV
25676,WV
25123,WV
25971,WV
25252,WV
25537,WV
25972,WV
25865,WV
25253,WV
24901,WV
24902,WV
25124,WV
24951,WV
26384,WV
26629,WV
26581,WV
25125,WV
25866,WV
25601,WV
25612,WV
25654,WV
25126,WV
25868,WV
25259,WV
25630,WV
26229,WV
26810,WV
26385,WV
26386,WV
25632,WV
24857,WV
25875,WV
25876,WV
26278,WV
25871,WV
25873,WV
26138,WV
26148,WV
26152,WV
25130,WV
26541,WV
25634,WV
25132,WV
25635,WV
26582,WV
24954,WV
25401,WV
25402,WV
25403,WV
25404,WV
25405,WV
25260,WV
26542,WV
25678,WV
24860,WV
26812,WV
24736,WV
24957,WV
24861,WV
25133,WV
26833,WV
25966,WV
25976,WV
26404,WV
25977,WV
26585,WV
25134,WV
26149,WV
25540,WV
25878,WV
26280,WV
25261,WV
25432,WV
25262,WV
25541,WV
25879,WV
26120,WV
26121,WV
26150,WV
26405,WV
26586,WV
24737,WV
25136,WV
26283,WV
26836,WV
26838,WV
26501,WV
26502,WV
26504,WV
26505,WV
26506,WV
26507,WV
26508,WV
25139,WV
26408,WV
25637,WV
25880,WV
26678,WV
26679,WV
26684,WV
26739,WV
26151,WV
25870,WV
25882,WV
26680,WV
25140,WV
26631,WV
25685,WV
25141,WV
25009,WV
25142,WV
24738,WV
24751,WV
26681,WV
26374,WV
26410,WV
26743,WV
24866,WV
25265,WV
26155,WV
26162,WV
26411,WV
24867,WV
25266,WV
25686,WV
25978,WV
25143,WV
25267,WV
24868,WV
25688,WV
26285,WV
25901,WV
24854,WV
24870,WV
25902,WV
26845,WV
25638,WV
25545,WV
26886,WV
25148,WV
26412,WV
25268,WV
26543,WV
25149,WV
26159,WV
24871,WV
26160,WV
24846,WV
24862,WV
24872,WV
26101,WV
26102,WV
26103,WV
26104,WV
26105,WV
26106,WV
26287,WV
25431,WV
25434,WV
25904,WV
24873,WV
25639,WV
25547,WV
24962,WV
26415,WV
26544,WV
26847,WV
24963,WV
25154,WV
26416,WV
26230,WV
26750,WV
25156,WV
26419,WV
24859,WV
24874,WV
25906,WV
25979,WV
25159,WV
25550,WV
25437,WV
25160,WV
25161,WV
25162,WV
24878,WV
25555,WV
25907,WV
24739,WV
24740,WV
25908,WV
25164,WV
25909,WV
26327,WV
26421,WV
26852,WV
26546,WV
25981,WV
26587,WV
25165,WV
25690,WV
25962,WV
25911,WV
25557,WV
25438,WV
25913,WV
26164,WV
25691,WV
24879,WV
26167,WV
26289,WV
25168,WV
25692,WV
26547,WV
25270,WV
24966,WV
26422,WV
25915,WV
26261,WV
26753,WV
25169,WV
26755,WV
25271,WV
25441,WV
26814,WV
26560,WV
26588,WV
25173,WV
24747,WV
26215,WV
26234,WV
26236,WV
25174,WV
26169,WV
24880,WV
24881,WV
26757,WV
24970,WV
26636,WV
26424,WV
26425,WV
25984,WV
25916,WV
25177,WV
26170,WV
26426,WV
25559,WV
26430,WV
25985,WV
25275,WV
25644,WV
25833,WV
25917,WV
25560,WV
24974,WV
26884,WV
25181,WV
25918,WV
26761,WV
25183,WV
25442,WV
25443,WV
26431,WV
26434,WV
25562,WV
26638,WV
24882,WV
26435,WV
24976,WV
26175,WV
25919,WV
25920,WV
25444,WV
26209,WV
26291,WV
26436,WV
25185,WV
25186,WV
26437,WV
26178,WV
24977,WV
25564,WV
25921,WV
25187,WV
25922,WV
26438,WV
25276,WV
25986,WV
26763,WV
25565,WV
24884,WV
25927,WV
25928,WV
25646,WV
26815,WV
25567,WV
26651,WV
25446,WV
25932,WV
26601,WV
26619,WV
26690,WV
24887,WV
25647,WV
25193,WV
25025,WV
25201,WV
24981,WV
26237,WV
25569,WV
26764,WV
26292,WV
26440,WV
24888,WV
26691,WV
25202,WV
26443,WV
26444,WV
25203,WV
25204,WV
25205,WV
24983,WV
26266,WV
26866,WV
26293,WV
26282,WV
26294,WV
25206,WV
25696,WV
25649,WV
25650,WV
25938,WV
26238,WV
26180,WV
26343,WV
26447,WV
26448,WV
25285,WV
25286,WV
26590,WV
24892,WV
26851,WV
24894,WV
26181,WV
26184,WV
25570,WV
24985,WV
26288,WV
24801,WV
25287,WV
25571,WV
26451,WV
26452,WV
26339,WV
26456,WV
25651,WV
25208,WV
25989,WV
24986,WV
25008,WV
25209,WV
25652,WV
25211,WV
24895,WV
26767,WV
25653,WV
24991,WV
25661,WV
26187,WV
25699,WV
25213,WV
25214,WV
25942,WV
24993,WV
26591,WV
26463,WV
25943,WV
24898,WV
25573,WV
26865,WV
26461,WV
24842,WV
24961,WV
25429,WV
25926,WV
25965,WV
