20606,MD
20607,MD
20701,MD
20608,MD
20861,MD
20862,MD
20609,MD
20838,MD
20610,MD
20839,MD
20611,MD
20704,MD
20705,MD
20612,MD
20810,MD
20811,MD
20813,MD
20814,MD
20815,MD
20816,MD
20817,MD
20824,MD
20825,MD
20827,MD
20889,MD
20892,MD
20894,MD
20710,MD
20715,MD
20716,MD
20717,MD
20718,MD
20719,MD
20720,MD
20721,MD
20841,MD
20613,MD
20722,MD
20833,MD
20615,MD
20616,MD
20617,MD
20866,MD
20618,MD
20818,MD
20619,MD
20620,MD
20731,MD
20743,MD
20747,MD
20753,MD
20791,MD
20799,MD
20621,MD
20622,MD
20623,MD
20732,MD
20733,MD
20871,MD
20624,MD
20735,MD
20625,MD
20740,MD
20741,MD
20742,MD
20626,MD
20627,MD
20872,MD
20628,MD
20751,MD
20842,MD
20629,MD
20630,MD
20754,MD
20632,MD
20755,MD
20744,MD
20745,MD
20749,MD
20750,MD
20758,MD
20759,MD
20877,MD
20878,MD
20879,MD
20882,MD
20883,MD
20884,MD
20885,MD
20886,MD
20898,MD
20899,MD
20765,MD
20896,MD
20874,MD
20875,MD
20876,MD
20812,MD
20769,MD
20634,MD
20768,MD
20770,MD
20771,MD
20776,MD
20635,MD
20777,MD
20636,MD
20637,MD
20639,MD
20781,MD
20782,MD
20783,MD
20784,MD
20785,MD
20787,MD
20788,MD
20640,MD
20643,MD
20645,MD
20794,MD
20891,MD
20895,MD
20703,MD
20706,MD
20646,MD
20707,MD
20708,MD
20709,MD
20723,MD
20724,MD
20725,MD
20726,MD
20650,MD
20653,MD
20711,MD
20656,MD
20657,MD
20658,MD
20659,MD
20660,MD
20712,MD
20661,MD
20662,MD
20664,MD
20682,MD
20714,MD
20830,MD
20832,MD
20736,MD
20667,MD
20670,MD
20674,MD
20675,MD
20837,MD
20676,MD
20677,MD
20678,MD
20697,MD
20790,MD
20797,MD
20680,MD
20737,MD
20738,MD
20847,MD
20848,MD
20849,MD
20850,MD
20851,MD
20852,MD
20853,MD
20854,MD
20855,MD
20857,MD
20859,MD
20684,MD
20685,MD
20686,MD
20860,MD
20763,MD
20687,MD
20764,MD
20901,MD
20902,MD
20903,MD
20904,MD
20905,MD
20906,MD
20907,MD
20908,MD
20910,MD
20911,MD
20912,MD
20913,MD
20914,MD
20915,MD
20916,MD
20918,MD
20993,MD
20997,MD
20688,MD
20868,MD
20897,MD
20689,MD
20690,MD
20746,MD
20748,MD
20752,MD
20757,MD
20762,MD
20779,MD
20772,MD
20773,MD
20774,MD
20775,MD
20792,MD
20692,MD
20601,MD
20602,MD
20603,MD
20604,MD
20880,MD
20693,MD
20778,MD
20695,MD
20588,MD
21001,MD
21005,MD
21010,MD
21009,MD
21520,MD
21710,MD
21810,MD
21401,MD
21403,MD
21404,MD
21405,MD
21409,MD
21411,MD
21412,MD
21402,MD
21012,MD
21013,MD
21092,MD
21201,MD
21202,MD
21203,MD
21204,MD
21205,MD
21206,MD
21207,MD
21208,MD
21209,MD
21210,MD
21211,MD
21212,MD
21213,MD
21214,MD
21215,MD
21216,MD
21217,MD
21218,MD
21219,MD
21220,MD
21221,MD
21222,MD
21223,MD
21224,MD
21225,MD
21226,MD
21227,MD
21228,MD
21229,MD
21230,MD
21231,MD
21233,MD
21234,MD
21235,MD
21236,MD
21237,MD
21239,MD
21240,MD
21241,MD
21244,MD
21250,MD
21251,MD
21252,MD
21263,MD
21264,MD
21270,MD
21273,MD
21275,MD
21278,MD
21279,MD
21280,MD
21281,MD
21282,MD
21284,MD
21285,MD
21286,MD
21287,MD
21288,MD
21289,MD
21290,MD
21297,MD
21298,MD
21607,MD
21521,MD
21014,MD
21015,MD
21017,MD
21018,MD
21811,MD
21609,MD
21610,MD
21711,MD
21813,MD
21522,MD
21814,MD
21523,MD
21713,MD
21020,MD
21612,MD
21714,MD
21022,MD
21715,MD
21716,MD
21758,MD
21717,MD
21718,MD
21023,MD
21613,MD
21719,MD
21720,MD
21913,MD
21617,MD
21914,MD
21027,MD
21915,MD
21619,MD
21620,MD
21690,MD
21721,MD
21916,MD
21622,MD
21623,MD
21656,MD
21028,MD
21029,MD
21722,MD
21030,MD
21031,MD
21065,MD
21917,MD
21044,MD
21045,MD
21046,MD
21918,MD
21625,MD
21524,MD
21626,MD
21675,MD
21817,MD
21627,MD
21114,MD
21032,MD
21628,MD
21501,MD
21502,MD
21503,MD
21504,MD
21505,MD
21034,MD
21035,MD
21036,MD
21821,MD
21629,MD
21919,MD
21631,MD
21601,MD
21528,MD
21822,MD
21037,MD
21040,MD
21920,MD
21921,MD
21922,MD
21529,MD
21041,MD
21042,MD
21043,MD
21727,MD
21824,MD
21733,MD
21047,MD
21632,MD
21048,MD
21634,MD
21530,MD
21050,MD
21051,MD
21052,MD
21701,MD
21702,MD
21703,MD
21704,MD
21705,MD
21709,MD
21053,MD
21531,MD
21532,MD
21826,MD
21734,MD
21635,MD
21054,MD
21930,MD
21056,MD
21829,MD
21057,MD
21060,MD
21061,MD
21062,MD
21737,MD
21738,MD
21071,MD
21636,MD
21536,MD
21638,MD
21639,MD
21740,MD
21741,MD
21742,MD
21746,MD
21747,MD
21748,MD
21749,MD
21074,MD
21750,MD
21075,MD
21076,MD
21077,MD
21078,MD
21830,MD
21640,MD
21641,MD
21643,MD
21082,MD
21644,MD
21084,MD
21755,MD
21085,MD
21756,MD
21645,MD
21757,MD
21087,MD
21538,MD
21759,MD
21762,MD
21835,MD
21090,MD
21723,MD
21765,MD
21766,MD
21539,MD
21093,MD
21094,MD
21541,MD
21088,MD
21102,MD
21836,MD
21837,MD
21838,MD
21649,MD
21105,MD
21650,MD
21767,MD
21106,MD
21769,MD
21542,MD
21543,MD
21108,MD
21651,MD
21111,MD
21770,MD
21771,MD
21545,MD
21773,MD
21840,MD
21652,MD
21841,MD
21653,MD
21754,MD
21774,MD
21775,MD
21776,MD
21901,MD
21550,MD
21842,MD
21843,MD
21113,MD
21555,MD
21117,MD
21654,MD
21120,MD
21849,MD
21122,MD
21123,MD
21128,MD
21130,MD
21902,MD
21903,MD
21131,MD
21556,MD
21850,MD
21852,MD
21851,MD
21777,MD
21904,MD
21655,MD
21853,MD
21132,MD
21856,MD
21657,MD
21658,MD
21133,MD
21557,MD
21857,MD
21136,MD
21659,MD
21139,MD
21660,MD
21911,MD
21140,MD
21661,MD
21778,MD
21779,MD
21662,MD
21780,MD
21781,MD
21624,MD
21647,MD
21663,MD
21801,MD
21802,MD
21803,MD
21804,MD
21664,MD
21144,MD
21146,MD
21782,MD
21861,MD
21665,MD
21862,MD
21150,MD
21783,MD
21863,MD
21152,MD
21560,MD
21153,MD
21666,MD
21667,MD
21864,MD
21154,MD
21668,MD
21561,MD
21784,MD
21787,MD
21669,MD
21670,MD
21788,MD
21671,MD
21672,MD
21673,MD
21790,MD
21865,MD
21866,MD
21791,MD
21792,MD
21155,MD
21867,MD
21156,MD
21869,MD
21793,MD
21912,MD
21540,MD
21562,MD
21794,MD
21157,MD
21158,MD
21871,MD
21890,MD
21872,MD
21160,MD
21161,MD
21162,MD
21874,MD
21795,MD
21676,MD
21797,MD
21798,MD
21104,MD
21163,MD
21648,MD
21677,MD
21678,MD
21679,MD
21875,MD
21098,MD
21260,MD
21261,MD
21265,MD
21268,MD
21274,MD
21283,MD
21606,MD
21681,MD
21682,MD
21683,MD
21684,MD
21685,MD
21686,MD
21687,MD
21688,MD
