59001,MT
59061,MT
59820,MT
59710,MT
59311,MT
59711,MT
59312,MT
59211,MT
59821,MT
59863,MT
59003,MT
59004,MT
59410,MT
59713,MT
59411,MT
59212,MT
59313,MT
59354,MT
59006,MT
59631,MT
59007,MT
59008,MT
59714,MT
59412,MT
59314,MT
59910,MT
59911,MT
59010,MT
59520,MT
59011,MT
59101,MT
59102,MT
59103,MT
59104,MT
59105,MT
59106,MT
59107,MT
59108,MT
59111,MT
59112,MT
59114,MT
59115,MT
59116,MT
59117,MT
59012,MT
59315,MT
59823,MT
59632,MT
59521,MT
59316,MT
59715,MT
59716,MT
59717,MT
59718,MT
59719,MT
59771,MT
59772,MT
59416,MT
59014,MT
59317,MT
59345,MT
59015,MT
59213,MT
59214,MT
59417,MT
59318,MT
59418,MT
59016,MT
59701,MT
59702,MT
59703,MT
59707,MT
59750,MT
59419,MT
59720,MT
59721,MT
59420,MT
59440,MT
59421,MT
59824,MT
59522,MT
59523,MT
59535,MT
59422,MT
59215,MT
59634,MT
59825,MT
59018,MT
59424,MT
59322,MT
59323,MT
59912,MT
59913,MT
59919,MT
59926,MT
59928,MT
59019,MT
59826,MT
59827,MT
59425,MT
59456,MT
59020,MT
59081,MT
59828,MT
59217,MT
59022,MT
59218,MT
59024,MT
59427,MT
59219,MT
59829,MT
59914,MT
59929,MT
59025,MT
59722,MT
59731,MT
59733,MT
59430,MT
59724,MT
59725,MT
59732,MT
59746,MT
59727,MT
59831,MT
59524,MT
59832,MT
59432,MT
59433,MT
59434,MT
59635,MT
59647,MT
59026,MT
59324,MT
59728,MT
59915,MT
59027,MT
59729,MT
59435,MT
59917,MT
59436,MT
59221,MT
59326,MT
59341,MT
59028,MT
59222,MT
59833,MT
59327,MT
59442,MT
59636,MT
59918,MT
59223,MT
59443,MT
59225,MT
59834,MT
59846,MT
59226,MT
59242,MT
59029,MT
59444,MT
59730,MT
59030,MT
59031,MT
59446,MT
59447,MT
59525,MT
59230,MT
59231,MT
59330,MT
59032,MT
59084,MT
59401,MT
59402,MT
59403,MT
59404,MT
59405,MT
59406,MT
59414,MT
59033,MT
59837,MT
59835,MT
59840,MT
59841,MT
59332,MT
59034,MT
59035,MT
59526,MT
59036,MT
59735,MT
59501,MT
59527,MT
59448,MT
59601,MT
59602,MT
59604,MT
59620,MT
59623,MT
59624,MT
59625,MT
59626,MT
59633,MT
59843,MT
59844,MT
59450,MT
59451,MT
59528,MT
59241,MT
59452,MT
59529,MT
59845,MT
59848,MT
59037,MT
59038,MT
59076,MT
59039,MT
59530,MT
59336,MT
59736,MT
59638,MT
59041,MT
59531,MT
59337,MT
59453,MT
59901,MT
59903,MT
59904,MT
59454,MT
59466,MT
59920,MT
59338,MT
59532,MT
59922,MT
59931,MT
59243,MT
59043,MT
59244,MT
59044,MT
59046,MT
59441,MT
59457,MT
59923,MT
59739,MT
59639,MT
59339,MT
59047,MT
59082,MT
59050,MT
59847,MT
59460,MT
59537,MT
59740,MT
59052,MT
59538,MT
59741,MT
59925,MT
59053,MT
59640,MT
59247,MT
59743,MT
59054,MT
59055,MT
59301,MT
59333,MT
59343,MT
59851,MT
59801,MT
59802,MT
59803,MT
59804,MT
59806,MT
59807,MT
59808,MT
59812,MT
59462,MT
59002,MT
59057,MT
59463,MT
59464,MT
59059,MT
59248,MT
59465,MT
59745,MT
59853,MT
59927,MT
59250,MT
59062,MT
59252,MT
59854,MT
59855,MT
59856,MT
59063,MT
59253,MT
59467,MT
59858,MT
59859,MT
59254,MT
59344,MT
59860,MT
59064,MT
59747,MT
59255,MT
59468,MT
59065,MT
59066,MT
59748,MT
59067,MT
59256,MT
59469,MT
59068,MT
59257,MT
59069,MT
59258,MT
59930,MT
59259,MT
59240,MT
59260,MT
59642,MT
59013,MT
59070,MT
59864,MT
59071,MT
59347,MT
59072,MT
59073,MT
59471,MT
59540,MT
59074,MT
59261,MT
59865,MT
59830,MT
59842,MT
59866,MT
59867,MT
59075,MT
59472,MT
59077,MT
59262,MT
59263,MT
59868,MT
59078,MT
59461,MT
59474,MT
59079,MT
59749,MT
59270,MT
59477,MT
59932,MT
59479,MT
59870,MT
59480,MT
59933,MT
59871,MT
59083,MT
59482,MT
59483,MT
59872,MT
59484,MT
59349,MT
59873,MT
59752,MT
59641,MT
59643,MT
59644,MT
59934,MT
59874,MT
59935,MT
59542,MT
59751,MT
59754,MT
59085,MT
59485,MT
59486,MT
59273,MT
59487,MT
59875,MT
59274,MT
59755,MT
59351,MT
59756,MT
59275,MT
59916,MT
59921,MT
59936,MT
59758,MT
59937,MT
59759,MT
59645,MT
59276,MT
59544,MT
59545,MT
59353,MT
59760,MT
59086,MT
59489,MT
59058,MT
59087,MT
59761,MT
59762,MT
59648,MT
59201,MT
59088,MT
59089,MT
59546,MT
59547,MT
59319,MT
59773,MT
