89001,NV
89017,NV
89020,NV
89310,NV
89311,NV
89820,NV
89003,NV
89004,NV
89005,NV
89006,NV
89007,NV
89008,NV
89821,NV
89822,NV
89701,NV
89702,NV
89703,NV
89704,NV
89705,NV
89706,NV
89711,NV
89712,NV
89713,NV
89714,NV
89721,NV
89402,NV
89450,NV
89451,NV
89452,NV
89403,NV
89823,NV
89404,NV
89010,NV
89801,NV
89802,NV
89803,NV
89815,NV
89828,NV
89301,NV
89314,NV
89315,NV
89405,NV
89316,NV
89406,NV
89407,NV
89496,NV
89408,NV
89409,NV
89410,NV
89460,NV
89411,NV
89412,NV
89413,NV
89414,NV
89013,NV
89415,NV
89002,NV
89009,NV
89011,NV
89012,NV
89014,NV
89015,NV
89016,NV
89044,NV
89052,NV
89053,NV
89074,NV
89077,NV
89418,NV
89018,NV
89070,NV
89825,NV
89826,NV
89019,NV
89026,NV
88901,NV
88905,NV
89054,NV
89101,NV
89102,NV
89103,NV
89104,NV
89105,NV
89106,NV
89107,NV
89108,NV
89109,NV
89110,NV
89111,NV
89112,NV
89113,NV
89114,NV
89115,NV
89116,NV
89117,NV
89118,NV
89119,NV
89120,NV
89121,NV
89122,NV
89123,NV
89124,NV
89125,NV
89126,NV
89127,NV
89128,NV
89129,NV
89130,NV
89131,NV
89132,NV
89133,NV
89134,NV
89135,NV
89136,NV
89137,NV
89138,NV
89139,NV
89140,NV
89141,NV
89142,NV
89143,NV
89144,NV
89145,NV
89146,NV
89147,NV
89148,NV
89149,NV
89150,NV
89151,NV
89152,NV
89153,NV
89154,NV
89155,NV
89156,NV
89157,NV
89158,NV
89159,NV
89160,NV
89161,NV
89162,NV
89163,NV
89164,NV
89165,NV
89166,NV
89169,NV
89170,NV
89173,NV
89177,NV
89178,NV
89179,NV
89180,NV
89183,NV
89185,NV
89191,NV
89193,NV
89195,NV
89199,NV
89028,NV
89029,NV
89021,NV
89419,NV
89317,NV
89420,NV
89421,NV
89318,NV
89022,NV
89023,NV
89024,NV
89027,NV
89034,NV
89422,NV
89423,NV
89025,NV
89037,NV
89067,NV
89830,NV
89831,NV
89424,NV
89030,NV
89031,NV
89032,NV
89033,NV
89036,NV
89081,NV
89084,NV
89085,NV
89086,NV
89087,NV
89425,NV
89040,NV
89832,NV
89041,NV
89048,NV
89060,NV
89061,NV
89042,NV
89426,NV
89043,NV
89501,NV
89502,NV
89503,NV
89504,NV
89505,NV
89506,NV
89507,NV
89508,NV
89509,NV
89510,NV
89511,NV
89512,NV
89513,NV
89515,NV
89519,NV
89520,NV
89521,NV
89523,NV
89533,NV
89555,NV
89557,NV
89570,NV
89595,NV
89599,NV
89045,NV
89319,NV
89427,NV
89039,NV
89046,NV
89428,NV
89047,NV
89429,NV
89430,NV
89431,NV
89432,NV
89433,NV
89434,NV
89435,NV
89436,NV
89441,NV
89049,NV
89834,NV
89438,NV
89439,NV
89440,NV
89442,NV
89444,NV
89833,NV
89835,NV
89883,NV
89445,NV
89446,NV
89447,NV
89448,NV
89449,NV
89824,NV
