84001,UT
84002,UT
84003,UT
84004,UT
84711,UT
84620,UT
84301,UT
84713,UT
84731,UT
84715,UT
84775,UT
84006,UT
84511,UT
84533,UT
84007,UT
84512,UT
84531,UT
84536,UT
84010,UT
84011,UT
84054,UT
84087,UT
84302,UT
84304,UT
84309,UT
84324,UT
84513,UT
84720,UT
84721,UT
84722,UT
84742,UT
84781,UT
84013,UT
84014,UT
84723,UT
84305,UT
84516,UT
84015,UT
84016,UT
84056,UT
84075,UT
84089,UT
84518,UT
84017,UT
84024,UT
84307,UT
84624,UT
84638,UT
84640,UT
84020,UT
84021,UT
84027,UT
84051,UT
84073,UT
84022,UT
84023,UT
84520,UT
84310,UT
84626,UT
84521,UT
84724,UT
84522,UT
84725,UT
84627,UT
84716,UT
84726,UT
84628,UT
84629,UT
84025,UT
84523,UT
84311,UT
84631,UT
84636,UT
84656,UT
84026,UT
84063,UT
84076,UT
84632,UT
84028,UT
84306,UT
84312,UT
84331,UT
84728,UT
84710,UT
84729,UT
84633,UT
84029,UT
84515,UT
84525,UT
84540,UT
84621,UT
84622,UT
84630,UT
84634,UT
84734,UT
84735,UT
84762,UT
84032,UT
84526,UT
84529,UT
84033,UT
84736,UT
84635,UT
84314,UT
84315,UT
84528,UT
84317,UT
84737,UT
84746,UT
84784,UT
84318,UT
84319,UT
84035,UT
84712,UT
84740,UT
84743,UT
84036,UT
84061,UT
84741,UT
84637,UT
84037,UT
84038,UT
84039,UT
84530,UT
84745,UT
84040,UT
84041,UT
84005,UT
84043,UT
84045,UT
84639,UT
84308,UT
84320,UT
84747,UT
84321,UT
84322,UT
84323,UT
84341,UT
84749,UT
84044,UT
84046,UT
84642,UT
84665,UT
84750,UT
84643,UT
84644,UT
84325,UT
84047,UT
84049,UT
84751,UT
84326,UT
84752,UT
84532,UT
84645,UT
84739,UT
84754,UT
84766,UT
84510,UT
84534,UT
84535,UT
84018,UT
84050,UT
84623,UT
84646,UT
84667,UT
84647,UT
84052,UT
84053,UT
84648,UT
84714,UT
84753,UT
84756,UT
84757,UT
84327,UT
84649,UT
84055,UT
84201,UT
84244,UT
84401,UT
84402,UT
84403,UT
84404,UT
84405,UT
84407,UT
84408,UT
84409,UT
84412,UT
84414,UT
84415,UT
84537,UT
84755,UT
84758,UT
84057,UT
84058,UT
84059,UT
84097,UT
84759,UT
84764,UT
84328,UT
84060,UT
84068,UT
84098,UT
84329,UT
84719,UT
84760,UT
84761,UT
84772,UT
84651,UT
84042,UT
84062,UT
84330,UT
84501,UT
84332,UT
84601,UT
84602,UT
84603,UT
84604,UT
84605,UT
84606,UT
84064,UT
84652,UT
84657,UT
84701,UT
84730,UT
84732,UT
84744,UT
84333,UT
84334,UT
84065,UT
84095,UT
84096,UT
84066,UT
84067,UT
84069,UT
84653,UT
84654,UT
84101,UT
84102,UT
84103,UT
84104,UT
84105,UT
84106,UT
84107,UT
84108,UT
84109,UT
84110,UT
84111,UT
84112,UT
84113,UT
84114,UT
84115,UT
84116,UT
84117,UT
84118,UT
84119,UT
84120,UT
84121,UT
84122,UT
84123,UT
84124,UT
84125,UT
84126,UT
84127,UT
84128,UT
84129,UT
84130,UT
84131,UT
84132,UT
84133,UT
84134,UT
84136,UT
84138,UT
84139,UT
84141,UT
84143,UT
84145,UT
84147,UT
84148,UT
84150,UT
84151,UT
84152,UT
84157,UT
84158,UT
84165,UT
84170,UT
84171,UT
84180,UT
84184,UT
84189,UT
84190,UT
84199,UT
84070,UT
84090,UT
84091,UT
84092,UT
84093,UT
84094,UT
84733,UT
84738,UT
84765,UT
84655,UT
84335,UT
84313,UT
84336,UT
84660,UT
84662,UT
84763,UT
84767,UT
84779,UT
84663,UT
84664,UT
84770,UT
84771,UT
84782,UT
84783,UT
84790,UT
84791,UT
84071,UT
84539,UT
84031,UT
84072,UT
84773,UT
84074,UT
84774,UT
84316,UT
84337,UT
84338,UT
84718,UT
84776,UT
84008,UT
84078,UT
84079,UT
84080,UT
84082,UT
84780,UT
84542,UT
84339,UT
84034,UT
84083,UT
84081,UT
84084,UT
84088,UT
84085,UT
84340,UT
84086,UT
84144,UT
84717,UT
