36310,AL
35440,AL
35005,AL
35540,AL
35006,AL
35441,AL
35007,AL
35144,AL
36720,AL
35950,AL
35951,AL
35010,AL
35011,AL
36250,AL
35442,AL
35013,AL
35014,AL
35015,AL
35952,AL
36420,AL
36421,AL
35610,AL
36721,AL
36201,AL
36202,AL
36203,AL
36204,AL
36205,AL
36206,AL
36207,AL
35016,AL
36311,AL
35541,AL
36722,AL
36312,AL
36251,AL
35953,AL
35611,AL
35612,AL
35613,AL
35614,AL
36502,AL
36503,AL
36504,AL
35954,AL
36830,AL
36831,AL
36832,AL
36849,AL
36003,AL
36505,AL
35019,AL
36005,AL
36061,AL
35542,AL
36507,AL
36509,AL
35543,AL
36425,AL
35544,AL
35545,AL
35615,AL
36313,AL
35546,AL
35020,AL
35021,AL
35022,AL
35023,AL
36006,AL
35201,AL
35202,AL
35203,AL
35204,AL
35205,AL
35206,AL
35207,AL
35208,AL
35209,AL
35210,AL
35211,AL
35212,AL
35213,AL
35214,AL
35215,AL
35216,AL
35217,AL
35218,AL
35219,AL
35220,AL
35221,AL
35222,AL
35223,AL
35224,AL
35226,AL
35228,AL
35229,AL
35231,AL
35232,AL
35233,AL
35234,AL
35235,AL
35236,AL
35237,AL
35238,AL
35242,AL
35243,AL
35244,AL
35246,AL
35249,AL
35253,AL
35254,AL
35255,AL
35259,AL
35260,AL
35261,AL
35266,AL
35282,AL
35283,AL
35285,AL
35287,AL
35288,AL
35290,AL
35291,AL
35292,AL
35293,AL
35294,AL
35295,AL
35296,AL
35297,AL
35298,AL
36314,AL
35031,AL
35956,AL
35957,AL
35443,AL
35032,AL
36511,AL
36008,AL
36723,AL
36009,AL
35033,AL
35034,AL
36426,AL
36427,AL
35740,AL
35035,AL
35548,AL
36429,AL
35036,AL
35444,AL
35741,AL
36010,AL
35958,AL
36512,AL
35446,AL
36253,AL
35040,AL
36513,AL
36726,AL
36727,AL
36850,AL
35742,AL
35549,AL
35041,AL
35447,AL
36432,AL
36728,AL
35959,AL
35960,AL
35042,AL
36316,AL
36015,AL
36518,AL
35043,AL
35616,AL
35044,AL
36254,AL
36521,AL
36522,AL
35045,AL
35046,AL
35048,AL
36016,AL
35049,AL
35448,AL
36017,AL
36317,AL
35617,AL
35449,AL
36523,AL
36318,AL
36524,AL
35452,AL
35961,AL
36319,AL
35051,AL
35052,AL
36020,AL
35550,AL
35453,AL
36851,AL
36859,AL
36320,AL
35618,AL
36321,AL
36435,AL
36255,AL
35053,AL
36525,AL
35054,AL
35962,AL
35055,AL
35056,AL
35057,AL
35058,AL
36852,AL
36853,AL
36322,AL
36362,AL
35619,AL
36526,AL
36527,AL
36577,AL
36528,AL
36256,AL
35963,AL
36257,AL
36022,AL
35601,AL
35602,AL
35603,AL
35609,AL
35699,AL
36529,AL
35551,AL
36258,AL
36732,AL
35552,AL
36736,AL
35060,AL
35061,AL
35038,AL
35062,AL
36301,AL
36302,AL
36303,AL
36304,AL
36305,AL
35553,AL
35964,AL
36028,AL
35456,AL
35744,AL
36260,AL
35457,AL
36024,AL
36261,AL
36323,AL
36530,AL
35554,AL
35620,AL
36025,AL
35458,AL
35459,AL
35063,AL
36330,AL
36331,AL
35460,AL
36026,AL
35745,AL
35461,AL
36027,AL
36072,AL
35462,AL
35621,AL
36401,AL
36439,AL
35064,AL
36532,AL
36533,AL
35622,AL
36738,AL
35555,AL
36029,AL
36855,AL
35966,AL
36441,AL
36442,AL
35630,AL
35631,AL
35632,AL
35633,AL
35634,AL
36535,AL
36536,AL
36030,AL
36740,AL
36031,AL
36032,AL
36856,AL
35967,AL
35968,AL
35463,AL
36444,AL
36538,AL
36445,AL
36539,AL
36262,AL
36436,AL
36446,AL
35068,AL
36741,AL
35971,AL
35901,AL
35902,AL
35903,AL
35904,AL
35905,AL
35906,AL
35907,AL
36540,AL
35464,AL
35972,AL
36742,AL
36038,AL
35070,AL
35071,AL
35973,AL
36340,AL
36033,AL
35974,AL
35559,AL
36034,AL
35560,AL
35072,AL
35466,AL
36343,AL
36035,AL
36036,AL
36263,AL
36541,AL
35747,AL
35073,AL
35074,AL
36744,AL
36037,AL
36451,AL
35975,AL
35563,AL
36542,AL
36547,AL
35976,AL
35748,AL
35564,AL
35565,AL
35570,AL
35077,AL
36039,AL
35078,AL
36344,AL
35640,AL
35749,AL
36858,AL
35079,AL
36040,AL
35750,AL
36345,AL
36264,AL
35080,AL
35978,AL
35979,AL
36041,AL
35643,AL
35571,AL
35082,AL
35083,AL
35751,AL
35752,AL
36042,AL
36043,AL
35980,AL
35572,AL
35801,AL
35802,AL
35803,AL
35804,AL
35805,AL
35806,AL
35807,AL
35808,AL
35809,AL
35810,AL
35811,AL
35812,AL
35813,AL
35814,AL
35815,AL
35816,AL
35824,AL
35893,AL
35894,AL
35895,AL
35896,AL
35897,AL
35898,AL
35899,AL
36860,AL
36543,AL
35981,AL
36544,AL
36346,AL
36515,AL
36545,AL
36861,AL
36265,AL
35501,AL
35502,AL
35503,AL
35504,AL
36745,AL
35085,AL
36749,AL
35087,AL
35573,AL
35468,AL
35089,AL
35574,AL
35645,AL
35091,AL
36453,AL
35754,AL
36862,AL
36863,AL
35755,AL
36046,AL
36793,AL
35094,AL
35983,AL
35646,AL
36548,AL
35647,AL
36047,AL
35648,AL
36549,AL
35096,AL
36748,AL
36266,AL
36550,AL
35470,AL
36865,AL
36455,AL
35097,AL
35098,AL
36048,AL
36751,AL
36752,AL
36551,AL
36049,AL
36062,AL
35575,AL
35111,AL
36553,AL
36456,AL
35471,AL
36753,AL
35756,AL
35757,AL
35758,AL
36754,AL
36555,AL
36556,AL
36750,AL
36051,AL
35112,AL
36756,AL
36759,AL
36013,AL
36052,AL
35114,AL
36457,AL
35984,AL
35759,AL
36458,AL
36350,AL
36053,AL
36054,AL
36267,AL
35576,AL
36558,AL
36761,AL
36601,AL
36602,AL
36603,AL
36604,AL
36605,AL
36606,AL
36607,AL
36608,AL
36609,AL
36610,AL
36611,AL
36612,AL
36613,AL
36615,AL
36616,AL
36617,AL
36618,AL
36619,AL
36625,AL
36628,AL
36630,AL
36633,AL
36640,AL
36641,AL
36644,AL
36652,AL
36660,AL
36663,AL
36670,AL
36671,AL
36675,AL
36685,AL
36688,AL
36689,AL
36691,AL
36693,AL
36695,AL
36460,AL
36461,AL
36462,AL
35115,AL
36101,AL
36102,AL
36103,AL
36104,AL
36105,AL
36106,AL
36107,AL
36108,AL
36109,AL
36110,AL
36111,AL
36112,AL
36113,AL
36114,AL
36115,AL
36116,AL
36117,AL
36118,AL
36119,AL
36120,AL
36121,AL
36123,AL
36124,AL
36125,AL
36130,AL
36131,AL
36132,AL
36133,AL
36134,AL
36135,AL
36140,AL
36141,AL
36142,AL
36177,AL
36191,AL
36559,AL
35004,AL
35649,AL
35116,AL
35650,AL
35474,AL
35651,AL
36057,AL
35117,AL
36560,AL
35118,AL
36268,AL
36269,AL
35661,AL
35662,AL
36763,AL
36764,AL
35577,AL
35578,AL
36765,AL
36351,AL
35119,AL
35760,AL
35761,AL
36352,AL
36353,AL
35762,AL
35473,AL
35475,AL
35476,AL
36866,AL
36766,AL
35579,AL
35120,AL
36271,AL
35121,AL
36801,AL
36802,AL
36803,AL
36804,AL
36467,AL
36561,AL
36767,AL
35763,AL
36360,AL
36361,AL
35764,AL
35123,AL
35477,AL
36370,AL
35580,AL
35124,AL
35125,AL
35128,AL
36562,AL
36470,AL
36471,AL
35478,AL
36867,AL
36868,AL
36869,AL
36870,AL
35581,AL
36272,AL
36064,AL
36371,AL
36768,AL
36769,AL
36065,AL
35126,AL
35765,AL
36871,AL
36758,AL
35127,AL
36564,AL
36066,AL
36067,AL
36068,AL
35766,AL
35130,AL
35131,AL
35986,AL
35469,AL
35480,AL
36069,AL
36273,AL
36792,AL
35582,AL
36474,AL
35481,AL
35133,AL
36454,AL
36473,AL
36475,AL
36476,AL
35135,AL
36274,AL
36567,AL
36574,AL
35136,AL
35652,AL
35653,AL
35654,AL
36071,AL
35767,AL
36773,AL
35137,AL
36568,AL
36569,AL
36874,AL
35482,AL
36477,AL
36571,AL
36775,AL
36572,AL
36776,AL
35139,AL
35768,AL
35769,AL
36875,AL
35771,AL
36701,AL
36702,AL
36703,AL
36575,AL
35142,AL
35660,AL
35143,AL
36075,AL
36373,AL
36576,AL
35584,AL
36374,AL
36349,AL
36375,AL
36877,AL
35670,AL
36275,AL
35146,AL
35585,AL
36790,AL
36578,AL
35987,AL
35147,AL
35746,AL
35772,AL
36579,AL
35586,AL
35148,AL
36580,AL
36581,AL
36782,AL
35149,AL
35150,AL
35151,AL
35988,AL
35160,AL
35161,AL
36023,AL
36045,AL
36078,AL
35671,AL
36582,AL
36590,AL
36783,AL
36762,AL
36784,AL
35171,AL
36583,AL
36080,AL
35773,AL
35672,AL
35587,AL
35172,AL
35774,AL
35673,AL
36079,AL
36081,AL
36082,AL
35173,AL
35401,AL
35402,AL
35403,AL
35404,AL
35405,AL
35406,AL
35407,AL
35485,AL
35486,AL
35487,AL
35674,AL
36083,AL
36088,AL
36087,AL
36785,AL
35175,AL
36089,AL
36786,AL
36449,AL
36480,AL
35775,AL
36854,AL
36872,AL
35989,AL
35490,AL
35176,AL
36091,AL
35592,AL
35593,AL
35178,AL
36584,AL
35179,AL
36481,AL
36276,AL
36585,AL
35990,AL
35180,AL
35677,AL
35181,AL
35182,AL
36879,AL
36277,AL
36376,AL
36278,AL
36279,AL
35183,AL
35184,AL
35491,AL
35185,AL
36092,AL
36093,AL
36482,AL
36587,AL
35186,AL
35187,AL
35594,AL
36483,AL
36280,AL
35188,AL
35776,AL
35739,AL
36901,AL
36904,AL
36907,AL
36908,AL
36910,AL
36912,AL
36913,AL
36915,AL
36916,AL
36919,AL
36921,AL
36922,AL
36925,AL
35225,AL
35230,AL
35240,AL
35245,AL
35263,AL
35277,AL
35278,AL
35279,AL
35280,AL
35281,AL
35286,AL
35289,AL
35299,AL
36210,AL
36501,AL
36621,AL
36622,AL
36690,AL
